SIGN, B365A, BWA, IWA, LBA, PSA, WHA, SJA, VCA
1, 3, 3, 3, 3.4, 3.3, 3.16, 3, 3.6
0, 4.75, 4.75, 4.75, 4.5, 4.5, 5.1, 4.33, 5
-1, 2.5, 2.6, 2.6, 2.6, 2.4, 2.7, 2.62, 2.63
0, 1.36, 1.35, 1.35, 1.4, 1.29, 1.37, 1.33, 1.36
0, 2.1, 2.1, 2.1, 2.2, 2, 2.14, 2.05, 2.1
0, 5, 5.5, 5.5, 4.5, 4.33, 5.93, 4.8, 5
0, 3.6, 3.6, 3.6, 3.1, 3.2, 3.92, 3.6, 3.5
0, 3, 2.95, 2.95, 2.8, 2.75, 3.05, 2.9, 3
0, 3.6, 3.7, 3.7, 3.3, 3.4, 3.87, 3.6, 3.5
1, 12, 12.5, 12.5, 10.5, 10, 13.81, 9.5, 12
1, 9.5, 8.5, 1.5, 7, 1.5, 9.79, 9, 8.5
0, 3.1, 3.5, 3.5, 3.1, 3, 3.42, 3.1, 3
0, 4.75, 4.75, 4.75, 4.5, 4, 4.8, 4.33, 4.33
1, 2.25, 2.35, 2.35, 2.4, 2.3, 2.49, 2.38, 2.38
-1, 1.3, 1.36, 1.36, 1.37, 1.3, 1.34, 1.35, 1.33
-1, 9, 8.25, 8.25, 8, 8, 9.02, 7.5, 8.5
0, 4.2, 4.4, 4.4, 4.2, 3.8, 4.17, 4.4, 4
-1, 1.33, 1.34, 1.34, 1.35, 1.3, 1.33, 1.36, 
0, 2.88, 3.2, 3.2, 2.9, 2.75, 3.05, 2.88, 3
1, 13, 12.5, 12.5, 12, 11, 13.85, 11, 15
0, 4.5, 4.33, 4.33, 4.4, 4, 4.85, 4.2, 4.33
1, 1.91, 1.95, 1.95, 1.9, 1.83, 1.91, 1.85, 1.95
0, 3.5, 3.4, 3.4, 3.1, 3, 3.65, 3.2, 3.25
0, 2.25, 2.3, 2.3, 2.2, 2.2, 2.21, 2.3, 2.4
-1, 3.1, 2.9, 2.9, 3.1, 2.88, 3.08, 3.1, 3.2
1, 15, 18, 18, 16, 13, 23.1, 15, 15
0, 1.5, 1.5, 1.5, 1.45, 1.44, 1.47, 1.44, 1.5
0, 3.8, 4.33, 4.33, 3.8, 3.6, 4.01, 3.6, 3.6
1, 2.8, 2.65, 2.65, 2.7, 2.6, 2.87, 2.7, 2.75
1, 7, 6.75, 6.75, 7, 6, 7.64, 6.5, 7
1, 2.7, 2.45, 2.45, 2.5, 2.5, 2.75, 2.7, 2.63
1, 7, 7.5, 7.5, 7, 6.5, 8.62, 7.5, 7
-1, 2, 2.15, 2.15, 2.5, 2.2, 2.22, 2.25, 2.1
-1, 1.44, 1.5, 1.5, 1.4, 1.44, 1.5, 1.44, 1.5
0, 1.36, 1.3, 1.3, 1.33, 1.3, 1.38, 1.33, 1.33
0, 7.5, 7, 7, 6.3, 6, 7.7, 6.5, 7
0, 4, 3.9, 3.9, 3.7, 3.4, 4.06, 3.3, 3.6
1, 3, 3, 3, 3, 2.8, 3.1, 3.2, 3
-1, 3.8, 4.4, 4.4, 4, 3.5, 4.21, 3.75, 3.75
-1, 2.88, 3.1, 3.1, 3, 2.75, 2.89, 3, 2.88
1, 17, 17.5, 17.5, 14, 13, 22.77, 15, 17
-1, 3.4, 3.1, 3.1, 3.2, 3, 3.47, 3.2, 3.12
-1, 3, 3.2, 3.2, 3.1, 2.88, 3.29, 3.2, 3
-1, 4, 3.9, 3.9, 3.8, 3.6, 4.11, 3.75, 3.8
1, 6.5, 7, 7, 5.5, 5.5, 7.2, 6, 6
0, 2.75, 2.7, 2.7, 2.5, 2.5, 2.71, 2.6, 2.62
0, 9, 8.75, 8.75, 7, 7.5, 9.26, 7.5, 8
-1, 2.75, 2.65, 2.65, 2.7, 2.6, 2.84, 2.7, 2.75
1, 4.5, 4.6, 4.6, 4.3, 4.33, 5.05, 4.75, 4.8
-1, 2.7, 2.75, 2.75, 2.8, 2.5, 2.7, 2.7, 2.62
-1, 1.44, 1.44, 1.44, 1.45, 1.44, 1.47, 1.44, 1.44
0, 3.4, 3.3, 3.3, 3.1, 2.88, 3.37, 3.1, 3.12
-1, 1.36, 1.34, 1.34, 1.35, 1.33, 1.37, 1.33, 1.36
-1, 2.3, 2.3, 2.3, 2.2, 2.2, 2.3, 2.25, 2.3
1, 3.1, 3, 3, 3, 2.88, 3.18, 3, 3
0, 6, 7, 7, 6.3, 5.5, 7.62, 6.5, 6.25
1, 15, 12.5, 12.5, 11, 11, 17.5, 13, 12
1, 12, 11.5, 11.5, 10.5, 10, 1.5, 9.5, 11
1, 7.5, 6.75, 6.75, 7, 6.5, 8.2, 7, 7.5
-1, 3.75, 3.4, 3.4, 3.7, 3.25, 3.65, 3.3, 3.5
-1, 2.8, 2.8, 2.8, 3, 2.75, 2.98, 2.88, 2.8
-1, 4.75, 4.5, 4.5, 4.5, 4.33, 5.21, 4.6, 4.8
0, 3.8, 3.9, 3.9, 3.7, 3.4, 4.16, 3.6, 3.75
1, 1.62, 1.65, 1.65, 1.75, 1.6, 1.67, 1.6, 1.62
-1, 2.88, 2.8, 2.8, 3, 2.75, 2.98, 2.8, 2.88
-1, 2.88, 3.1, 3.1, 3.2, 2.8, 3, 3, 2.88
1, 3.6, 3.9, 3.9, 3.6, 3.25, 3.68, 3.4, 3.5
1, 3.75, 3.6, 3.6, 3.6, 3.4, 3.78, 3.6, 3.6
1, 15, 15.5, 15.5, 16, 13, 1.5, 15, 15
-1, 1.53, 1.48, 1.48, 1.5, 1.5, 1.5, 1.5, 1.5
1, 3, 3.2, 3.2, 2.8, 2.8, 3.07, 3, 3
0, 4.75, 4.6, 4.6, 3.8, 4.5, 5.36, 4.8, 4.8
0, 2.7, 2.65, 2.65, 2.7, 2.6, 2.88, 2.7, 2.63
1, 15, 12.5, 12.5, 13, 11, 17.75, 13, 13
0, 3.4, 3.7, 3.7, 3.4, 3.2, 3.66, 3.3, 3.4
1, 4, 4.2, 4.2, 4.2, 3.8, 4.34, 3.8, 4.33
-1, 2.75, 2.95, 2.95, 2.7, 2.62, 2.82, 2.7, 2.8
-1, 2.05, 1.87, 1.87, 1.9, 2, 2.09, 2.05, 2.05
0, 1.95, 1.87, 1.87, 1.85, 1.83, 1.94, 1.85, 1.91
0, 3.2, 3.4, 3.4, 3.1, 3, 3.38, 3.2, 3.13
1, 4, 3.4, 3.4, 3.4, 3.4, 3.99, 3.6, 3.75
1, 26, 20, 20, 17, 15, 1.5, 17, 17
-1, 4, 3.9, 3.9, 3.8, 3.6, 4.2, 3.8, 3.8
1, 3.5, 3.3, 3.3, 3.3, 3.2, 3.42, 3.2, 3.3
1, 2.88, 3, 3, 2.9, 2.75, 2.91, 2.8, 2.88
0, 3.25, 3.1, 3.1, 3, 2.88, 3.28, 3.1, 3.13
-1, 1.95, 1.9, 1.9, 1.9, 1.91, 1.96, 2, 1.95
-1, 2, 1.9, 1.9, 1.9, 1.91, 2.04, 2, 1.95
1, 2.4, 2.5, 2.5, 2.4, 2.38, 2.52, 2.45, 2.5
1, 17, 11.5, 11.5, 11, 12, 16.85, 11, 13
0, 2.4, 2.3, 2.3, 2.3, 2.3, 2.44, 2.3, 2.4
0, 3.75, 3.6, 3.6, 3.4, 3.2, 3.58, 3.3, 3.5
0, 3.1, 3.3, 3.3, 3.3, 2.88, 3.18, 3, 3.13
1, 3.5, 3.3, 3.3, 3.25, 3.2, 3.62, 3.4, 3.4
1, 7.5, 6.25, 6.25, 7, 6, 8.45, 6.5, 7
1, 4, 4.5, 4.5, 3.5, 3.6, 4.24, 3.6, 3.8
0, 2.8, 2.85, 2.85, 2.7, 2.75, 2.97, 2.8, 2.75
1, 14, 13.5, 13.5, 14, 11, 16.28, 11, 12
-1, 4.2, 4.5, 4.5, 4, 4, 5.01, 4.2, 4.33
-1, 4.75, 5.25, 5.25, 4.5, 4.5, 5.13, 4.8, 5.25
-1, 1.36, 1.36, 1.36, 1.35, 1.33, 1.39, 1.36, 1.4
0, 3.75, 3.75, 3.75, 3.5, 3.6, 4.19, 3.6, 3.75
1, 9, 10, 10, 8.5, 8, 10.44, 8, 8.5
0, 2.8, 2.85, 2.85, 2.9, 2.75, 3.06, 2.88, 3.4
1, 2.05, 2, 2, 1.9, 2, 2, 2, 2
0, 3.1, 3, 3, 3.1, 2.88, 3.19, 2.88, 3
-1, 2.9, 2.9, 2.9, 2.8, 2.75, 2.98, 2.8, 2.88
-1, 2, 1.95, 1.95, 2.1, 2.1, 1.99, 2, 2
1, 3.75, 3.9, 3.9, 3.9, 3.6, 4.06, 3.6, 3.8
1, 3.1, 3.1, 3.1, 3.2, 2.88, 3.16, 3.1, 3
-1, 2.8, 2.8, 2.8, 2.9, 2.75, 3, 2.88, 2.8
1, 7.5, 8.25, 8.25, 7.5, 7, 8.46, 7.5, 8
1, 13, 15, 15, 13, 11, 16.6, 13, 13
-1, 3.8, 4.1, 4.1, 3.9, 3.4, 4.02, 3.6, 3.8
1, 4, 4.2, 4.2, 4, 3.6, 4.19, 3.75, 4
-1, 4.2, 3.7, 3.7, 3.5, 3.5, 4.18, 3.6, 3.8
1, 9, 9, 9, 8, 8, 9.35, 9, 8
1, 2.88, 2.85, 2.85, 2.8, 1.5, 2.78, 2.7, 2.8
-1, 1.25, 1.25, 1.25, 1.3, 1.5, 1.22, 1.29, 1.25
-1, 1.22, 1.26, 1.26, 1.25, 1.5, 1.25, 1.25, 1.25
1, 3.75, 3.9, 3.9, 3.4, 3.6, 4.26, 3.6, 3.8
-1, 2, 1.95, 1.95, 2, 2, 2.1, 2, 2.1
0, 4.33, 4.1, 4.1, 3.8, 3.8, 4.17, 3.8, 4
0, 3, 3.1, 3.1, 2.9, 2.9, 3, 2.8, 2.88
-1, 2.05, 2, 2, 1.9, 2, 2.11, 2, 2
-1, 2.25, 2.3, 2.3, 2.3, 2.2, 2.3, 2.25, 2.25
0, 7.5, 6.5, 6.5, 7, 7, 8.53, 7, 7.5
1, 13, 15, 15, 16, 15, 22, 15, 15
-1, 1.36, 1.34, 1.34, 1.35, 1.28, 1.35, 1.33, 1.36
1, 2.25, 2.1, 2.1, 2.2, 2.2, 2.27, 2.25, 2.3
0, 1.65, 1.67, 1.67, 1.65, 1.61, 1.67, 1.73, 1.67
1, 21, 21, 21, 17, 13, 1.5, 21, 17
1, 2.75, 2.8, 2.8, 2.8, 2.5, 2.81, 2.88, 2.75
-1, 6, 5.5, 5.5, 5.2, 1.5, 5.9, 4.8, 5.5
0, 2.75, 2.8, 2.8, 2.8, 2.5, 2.77, 2.7, 2.8
1, 3.75, 4.1, 4.1, 3.4, 3.3, 3.94, 3.6, 3.8
1, 3.75, 3.6, 3.6, 3.4, 3.4, 3.82, 3.4, 3.6
-1, 2.88, 2.85, 2.85, 2.9, 2.75, 2.88, 2.8, 2.88
1, 2.8, 2.9, 2.9, 2.7, 2.75, 3.06, 2.7, 2.8
0, 1.44, 1.42, 1.42, 1.45, 1.4, 1.46, 1.44, 1.44
0, 13, 16.5, 16.5, 17, 17, 1.5, 17, 17
1, 3, 3.1, 3.1, 2.9, 2.87, 3, 3, 3
-1, 5.5, 5.5, 5.5, 5.2, 5.5, 6.25, 5.5, 6
-1, 6, 5, 5, 5.2, 5, 6.11, 4.8, 5.5
-1, 1.29, 1.22, 1.22, 1.25, 1.25, 1.29, 1.29, 1.27
-1, 2.1, 2.1, 2.1, 2.2, 2.1, 2.09, 2.1, 2.1
1, 13, 12.5, 12.5, 12, 11, 15.7, 11, 12
1, 3.75, 4, 4, 4, 1.5, 3.87, 3.75, 3.8
1, 3.25, 3.4, 3.4, 3.3, 3.2, 3.38, 3.3, 3.25
-1, 3.8, 4, 4, 3.7, 3.75, 3.92, 3.75, 3.8
0, 3.5, 3.5, 3.5, 3.5, 3.25, 3.65, 3.4, 3.5
0, 2.1, 2.05, 2.05, 2.1, 2.05, 2.12, 2.05, 2.05
1, 2.38, 2.2, 2.2, 2.2, 2.25, 2.37, 2.38, 2.3
1, 12, 12.5, 12.5, 13, 10, 1.5, 13, 12
1, 3, 3, 3, 2.9, 2.87, 3.15, 3.1, 3.13
1, 8.5, 6.5, 6.5, 6.3, 6.5, 8.12, 5.5, 8
1, 13, 12.5, 12.5, 11, 10, 12, 11, 11
0, 3.2, 3, 3, 2.9, 2.87, 3.27, 2.88, 3
1, 4.5, 4.6, 4.6, 4.3, 4.33, 4.89, 4.5, 4.8
-1, 3, 2.85, 2.85, 2.8, 2.8, 3.1, 2.88, 2.88
1, 6, 6, 6, 4.9, 5, 6.23, 5, 5.75
0, 1.67, 1.65, 1.65, 1.7, 1.72, 1.68, 1.67, 1.67
-1, 1.25, 1.26, 1.26, 1.22, 1.25, 1.3, 1.25, 1.29
-1, 2.25, 2.4, 2.4, 2.4, 2.37, 2.41, 2.38, 2.38
0, 4.2, 4.75, 4.75, 4.1, 3.75, 4.7, 4.33, 4.33
-1, 3.75, 3.4, 3.4, 3.4, 3.2, 3.66, 3.6, 3.5
1, 3, 3.1, 3.1, 2.9, 2.75, 3.15, 2.88, 3
-1, 1.62, 1.67, 1.67, 1.7, 1.72, 1.65, 1.67, 1.62
1, 13, 11.5, 11.5, 12, 11, 15.87, 11, 11
0, 2.25, 2.35, 2.35, 2.3, 2.25, 2.32, 2.3, 2.3
1, 5.75, 5.5, 5.5, 5.8, 6, 6.31, 5.5, 6.25
1, 23, 16.5, 16.5, 14, 15, 18.17, 13, 15
0, 3.4, 3.3, 3.3, 3.3, 3.25, 3.55, 3.3, 3.2
0, 3.6, 3.3, 3.3, 3.4, 3.25, 3.5, 3.25, 3.5
0, 5.75, 6, 6, 6.3, 6, 6.77, 6, 6.25
-1, 2.75, 2.9, 2.9, 2.9, 2.87, 2.95, 3, 2.88
-1, 1.62, 1.6, 1.6, 1.6, 1.57, 1.63, 1.62, 1.62
-1, 2.2, 2.25, 2.25, 2.2, 2.1, 2.29, 2.25, 2.25
1, 8, 7.25, 7.25, 6, 7, 7.25, 7, 7.5
0, 2.38, 2.25, 2.25, 2.2, 2.2, 2.51, 2.45, 2.38
1, 4.5, 4.4, 4.4, 4, 3.75, 4.55, 4, 4.33
-1, 1.36, 1.34, 1.34, 1.33, 1.28, 1.35, 1.36, 1.36
0, 1.4, 1.4, 1.4, 1.4, 1.33, 1.4, 1.4, 1.4
-1, 5, 5, 5, 4.3, 4.33, 5.04, 4.4, 4.8
1, 5, 5, 5, 4.9, 5, 5.26, 4.6, 5
-1, 1.33, 1.34, 1.34, 1.3, 1.33, 1.36, 1.33, 1.36
-1, 3.2, 3.2, 3.2, 3.1, 3.1, 3.42, 3, 3.13
1, 13, 15, 15, 13, 13, 17.3, 13, 13
0, 2.6, 2.6, 2.6, 2.6, 2.5, 2.62, 2.5, 2.63
-1, 2.5, 2.5, 2.5, 2.4, 2.5, 2.63, 2.45, 2.5
1, 4, 3.8, 3.8, 3.8, 3.75, 4.19, 3.75, 4
-1, 4.2, 4.5, 4.5, 3.8, 4.33, 4.51, 4, 4.5
0, 3.2, 2.9, 2.9, 2.9, 2.87, 3.07, 2.9, 3
1, 6.5, 6, 6, 6.3, 6, 6.72, 5.5, 6.25
1, 3.3, 3.2, 3.2, 3.1, 3.2, 3.42, 3.1, 3.25
1, 3.1, 3, 3, 2.9, 2.87, 3.05, 3, 3
1, 3.75, 3.5, 3.5, 3.4, 3.5, 3.69, 3.4, 3.4
-1, 1.25, 1.22, 1.22, 1.25, 1.25, 1.29, 1.29, 1.29
1, 4.75, 4.33, 4.33, 4, 4.33, 5.02, 4.2, 4.8
1, 7, 8.5, 8.5, 7.5, 6.5, 7.75, 7.5, 7
1, 8, 7.75, 7.75, 7.5, 7, 8.84, 7, 8
-1, 1.22, 1.22, 1.22, 1.25, 1.25, 1.28, 1.29, 1.22
1, 3.5, 3.7, 3.7, 3.2, 3.4, 3.71, 3.4, 3.8
1, 3.3, 3.1, 3.1, 3.1, 3.1, 3.36, 3, 3.13
1, 8.5, 8.75, 8.75, 7.5, 7, 9.45, 7, 8.5
1, 3.3, 3.1, 3.1, 2.8, 3.1, 3.19, 3, 3.13
1, 2.2, 2.2, 2.2, 2.4, 2.2, 2.26, 2.3, 2.2
-1, 3.1, 3.1, 3.1, 2.8, 2.9, 3.18, 2.7, 3
1, 2.15, 2.1, 2.1, 2.2, 2.25, 2.22, 2.25, 2.1
1, 15, 26, 26, 17, 13, 1.5, 15, 19
1, 3.5, 3.9, 3.9, 3.2, 3.5, 3.75, 3.3, 3.5
1, 3.1, 3, 3, 3, 3.1, 3.25, 3, 3
0, 2.2, 2.2, 2.2, 2.5, 2.1, 2.22, 2.25, 2.2
1, 4, 4.1, 4.1, 3.3, 3.75, 3.82, 3.5, 3.6
1, 4.75, 4.6, 4.6, 4.2, 4.5, 5.05, 4.5, 4.8
-1, 1.4, 1.42, 1.42, 1.4, 1.4, 1.45, 1.44, 1.4
-1, 1.73, 1.7, 1.7, 1.75, 1.72, 1.81, 1.75, 1.73
-1, 1.3, 1.3, 1.3, 1.3, 1.25, 1.33, 1.36, 1.33
1, 2.88, 3.1, 3.1, 3.4, 2.9, 3.07, 2.8, 2.8
1, 3.5, 3.4, 3.4, 3.8, 3.4, 3.61, 3.75, 3.4
1, 2.9, 2.7, 2.7, 2.8, 2.62, 2.97, 2.7, 2.75
1, 2.88, 3, 3, 2.9, 2.7, 2.95, 2.88, 2.8
-1, 3, 2.85, 2.85, 1.5, 2.62, 3.02, 3, 2.8
0, 13, 16, 16, 14, 11, 1.5, 13, 11
0, 2.4, 2.3, 2.3, 2.3, 2.25, 2.41, 2.4, 2.38
1, 4.5, 5, 5, 4.7, 4, 5.03, 4.5, 4.8
1, 3.5, 3.6, 3.6, 3.3, 3.5, 3.63, 3.75, 3.5
1, 3.5, 3.4, 3.4, 3, 3.4, 3.85, 3.4, 3.6
1, 3.5, 3.7, 3.7, 4, 3.5, 3.75, 3.75, 3.75
1, 3.4, 3.7, 3.7, 3.4, 3.4, 3.78, 3.25, 3.5
-1, 7, 7, 7, 7.5, 6, 7.19, 6.5, 7.5
1, 7, 6.5, 6.5, 6, 7, 6.9, 5.5, 6.25
-1, 2.5, 2.3, 2.3, 2.5, 2.4, 2.43, 2.45, 2.4
1, 15, 15, 15, 8, 15, 16, 11, 11
-1, 2.9, 2.9, 2.9, 3.1, 2.87, 2.93, 2.88, 2.8
-1, 3.75, 3.8, 3.8, 3.3, 4, 3.87, 4, 3.6
1, 3.75, 3.8, 3.8, 3.8, 3.6, 3.87, 3.4, 3.75
0, 4.33, 4.1, 4.1, 1.5, 4.33, 4.58, 4, 4.5
-1, 1.3, 1.26, 1.26, 1.22, 1.25, 1.26, 1.29, 1.27
-1, 2.1, 2.2, 2.2, 2.2, 2.2, 2.15, 2.15, 2.1
0, 1.4, 1.35, 1.4, 1.45, 1.44, 1.4, 1.4, 1.4
0, 2.3, 2.35, 2.3, 2.4, 2.38, 2.3, 2.2, 2.3
0, 8.5, 7.5, 8, 7.5, 8, 7.5, 8.5, 9.5
0, 2.6, 2.35, 2.45, 2.6, 2.38, 2.35, 2.4, 2.63
-1, 1.5, 1.45, 1.53, 1.4, 1.53, 1.5, 1.44, 1.5
0, 4.33, 4.5, 4.5, 4.5, 4.5, 4.5, 4.4, 4.5
1, 2.9, 2.75, 2.7, 2.8, 2.8, 2.6, 2.62, 2.7
-1, 2.8, 2.8, 2.9, 2.9, 3, 2.85, 2.9, 3
1, 16, 13.5, 15, 14, 13, 15, 13, 15
1, 13, 12, 12, 12, 11, 12, 11, 15
1, 3.1, 3.5, 3.2, 3, 3, 3.1, 3.1, 3.1
0, 1.83, 1.72, 1.77, 1.8, 1.62, 1.8, 1.8, 1.8
1, 4, 3.9, 3.6, 3.2, 3.2, 3.6, 3.6, 3.8
1, 6, 5.5, 5.5, 5.2, 4.5, 5.75, 5.5, 6.5
0, 3.4, 3.4, 3.25, 3.1, 3, 3.25, 3.3, 3.2
1, 3, 2.95, 2.8, 2.8, 2.62, 2.8, 3, 2.88
0, 2.75, 2.7, 2.7, 2.7, 2.38, 2.6, 2.7, 2.63
-1, 4.33, 4.75, 4, 4.5, 4.5, 4.2, 4, 4.33
-1, 3.75, 3.4, 3.4, 3.3, 3.4, 3.3, 3.6, 3.75
-1, 8, 7.5, 7, 7.5, 7, 7, 7, 7
-1, 1.53, 1.55, 1.6, 1.55, 1.62, 1.57, 1.6, 1.53
-1, 2.1, 2.1, 2.1, 2.2, 2.2, 2.1, 2.05, 2.2
-1, 3.4, 3.5, 3.3, 3.3, 3.4, 3.2, 3.5, 3.25
-1, 1.29, 1.28, 1.3, 1.33, 1.3, 1.29, 1.25, 1.3
1, 21, 18.5, 15, 16, 17, 15, 19, 17
1, 9, 10, 9, 10.5, 9.5, 10, 11, 10
-1, 1.83, 1.7, 1.83, 1.85, 1.83, 1.8, 1.85, 1.83
-1, 3.4, 3.2, 3.2, 3.3, 3.4, 3.15, 3.2, 3.25
1, 3.8, 3.9, 3.6, 3.6, 3.6, 3.6, 3.6, 4
-1, 4.33, 4.25, 4, 3.9, 4, 3.75, 4, 4.5
1, 7, 7, 7, 7.5, 7, 7, 7, 8
1, 2.9, 3.1, 2.9, 3, 2.9, 2.75, 2.88, 2.75
0, 3.5, 3.6, 3.25, 3.1, 3.2, 3.1, 3.3, 3.2
1, 3.4, 3.9, 3.4, 3.55, 3.4, 3.25, 3.3, 3.25
1, 16, 11, 13, 12, 13, 13, 13, 17
0, 1.2, 1.2, 1.22, 1.2, 1.2, 1.2, 1.2, 1.22
-1, 2.6, 2.55, 2.5, 2.6, 2.5, 2.5, 2.5, 2.5
1, 3.1, 2.9, 2.8, 2.8, 2.88, 2.85, 3.1, 2.9
0, 2.4, 2.35, 2.6, 2.4, 2.2, 2.4, 2.3, 2.63
-1, 1.85, 1.78, 1.9, 1.8, 1.8, 1.8, 1.95, 1.87
0, 4, 4.1, 4, 4.2, 4.33, 4, 4, 4
1, 6.5, 6.75, 6, 7, 6, 5.75, 6, 7
1, 11, 9, 9, 8, 8, 9, 8, 9
0, 2.9, 2.85, 2.9, 2.8, 3, 2.9, 2.9, 3
1, 3.2, 3.3, 3.1, 2.9, 3, 2.85, 3, 3
1, 3.2, 3.2, 3.1, 3.1, 3.2, 3.05, 3.1, 3.25
-1, 3.1, 3, 2.9, 3.1, 3, 2.9, 2.9, 3.1
1, 3.75, 3.9, 3.6, 4, 3.75, 3.6, 3.6, 3.75
1, 3, 3.1, 2.85, 2.9, 3, 2.9, 2.75, 3
1, 15, 15, 16, 14, 11, 17, 15, 15
-1, 1.4, 1.4, 1.36, 1.33, 1.36, 1.36, 1.36, 1.36
0, 2.5, 2.5, 2.5, 2.5, 2.25, 2.5, 2.38, 2.38
-1, 1.91, 1.83, 1.9, 1.8, 1.8, 1.85, 1.83, 1.87
1, 1.73, 1.75, 1.72, 1.75, 1.73, 1.7, 1.67, 1.73
1, 3.8, 3.9, 3.75, 3.6, 3.2, 3.7, 3.75, 3.75
0, 3.6, 3.6, 3.5, 3.4, 3.2, 3.6, 3.6, 3.75
1, 3, 3.2, 3, 2.8, 2.9, 2.9, 2.88, 3.1
-1, 1.36, 1.37, 1.35, 1.35, 1.36, 1.33, 1.33, 1.33
1, 2.45, 2.5, 2.5, 2.5, 2.5, 2.55, 2.5, 2.5
1, 5.5, 5.25, 5, 4.9, 4.5, 5, 5, 5.25
1, 19, 20, 15, 14, 15, 19, 15, 21
1, 4, 3.9, 3.75, 3.6, 3.4, 3.75, 3.8, 3.6
1, 9.5, 8.75, 8, 8, 8, 9, 8, 10
1, 10, 9, 8.5, 8, 8, 9.5, 8, 10
1, 21, 16.5, 16, 13, 17, 17, 17, 17
0, 2.05, 2, 2.05, 2.1, 1.91, 1.95, 1.95, 2.05
1, 16, 14, 14, 12, 13, 15, 15, 17
-1, 1.5, 1.45, 1.53, 1.45, 1.57, 1.53, 1.44, 1.53
1, 4, 3.9, 4, 3.8, 3.75, 3.75, 3.8, 3.8
1, 3.4, 3.2, 3.3, 2.9, 3.2, 3.3, 3.3, 3.25
1, 3.6, 3.6, 3.5, 3.4, 3.4, 3.4, 3.75, 3.75
0, 2.4, 2.5, 2.5, 2.6, 2.38, 2.6, 2.38, 2.5
-1, 2.5, 2.4, 2.5, 2.7, 2.38, 2.55, 2.5, 2.5
1, 4.75, 4.5, 4.25, 4.2, 3.75, 4.33, 4, 4.5
0, 1.33, 1.3, 1.28, 1.3, 1.22, 1.29, 1.3, 1.25
1, 3.6, 3.5, 3.4, 3.4, 3.2, 3.5, 3.4, 3.4
1, 3, 3, 2.9, 3, 2.7, 3, 2.88, 3
0, 2.9, 3, 3, 3.2, 3, 3, 3, 3.1
0, 2, 2.1, 2.1, 2.1, 2, 2.1, 2.1, 2.1
1, 12, 14, 11, 10.5, 9, 12, 12, 13
-1, 3.6, 3.4, 3.4, 3.1, 3.2, 3.5, 3.5, 3.6
1, 4.33, 4.25, 4.25, 4, 3.75, 4.5, 4.2, 4.75
0, 2.5, 2.45, 2.5, 2.4, 2.38, 2.55, 2.6, 2.5
1, 2.75, 2.7, 2.7, 2.65, 2.62, 2.75, 2.62, 2.7
1, 3.75, 3.75, 3.6, 3.6, 3.4, 3.6, 3.5, 3.75
0, 3.2, 3.1, 3.25, 3.1, 2.8, 3.15, 3, 3.2
1, 8, 7, 7, 7, 7, 8, 7.5, 8
1, 6, 5.25, 5.5, 5.2, 5, 6.25, 5.5, 6.5
1, 8.5, 9, 9, 8, 8, 9, 9, 10
-1, 1.33, 1.37, 1.33, 1.35, 1.33, 1.35, 1.33, 1.33
1, 12, 11, 11, 10.5, 10, 11, 11, 12
1, 2.4, 2.4, 2.4, 2.4, 2.38, 2.5, 2.38, 2.5
-1, 1.73, 1.67, 1.72, 1.8, 1.67, 1.75, 1.73, 1.67
1, 3.6, 3.5, 3.5, 3.3, 3.2, 3.5, 3.4, 3.4
0, 3.2, 3.1, 3, 3.1, 3.2, 3.4, 3.2, 3.1
-1, 3.2, 3.4, 3.4, 3.1, 3.2, 3.4, 3.4, 3.2
1, 19, 15, 15, 14, 13, 17, 11, 17
0, 4.75, 4.75, 4.75, 4.4, 3.75, 4.8, 4.4, 4.75
1, 13, 12.5, 11, 13, 11, 13, 9, 13
0, 1.67, 1.67, 1.65, 1.65, 1.62, 1.7, 1.65, 1.62
1, 3.25, 3.3, 3.2, 3.3, 3, 3.2, 3, 3.1
0, 4.5, 4.5, 4.5, 4.2, 4, 4.5, 4, 4.75
-1, 3.25, 3.1, 3.2, 3, 3, 3.25, 3, 3.1
-1, 1.73, 1.75, 1.85, 1.9, 1.8, 1.8, 1.75, 1.73
0, 2.38, 2.35, 2.3, 2.4, 2.5, 2.4, 2.3, 2.38
0, 2.38, 2.4, 2.3, 2.3, 2.37, 2.38, 2.25, 2.4
-1, 3.4, 3.3, 3.1, 3.1, 3.2, 3.3, 3.3, 3.4
1, 5.5, 5, 5, 4.7, 4.5, 5.2, 4.6, 5.75
-1, 1.3, 1.26, 1.33, 1.3, 1.28, 1.29, 1.25, 1.29
1, 6, 5.25, 5.5, 5.2, 5, 5.75, 5.5, 6
1, 4, 4.6, 4, 3.7, 3.75, 4, 3.8, 4.2
-1, 1.8, 1.83, 1.85, 1.85, 1.66, 1.85, 1.83, 1.87
0, 2.38, 2.35, 2.25, 2.3, 2.2, 2.25, 2.3, 2.38
1, 17, 20, 17, 16, 15, 19, 17, 19
0, 3.25, 3.3, 3.1, 3.3, 3.2, 3.25, 3.2, 3.1
1, 17, 18.5, 17, 14, 13, 17, 15, 17
-1, 3.25, 3, 3, 2.8, 3, 3.1, 3, 3.1
0, 4.2, 4.1, 4, 4.2, 3.75, 4.2, 4.2, 4.2
1, 3.1, 2.95, 2.75, 3, 2.75, 2.95, 3.1, 2.8
1, 3, 2.9, 2.75, 2.9, 2.7, 2.8, 2.88, 2.75
0, 4.2, 3.9, 4, 4, 3.5, 4.2, 3.75, 4.2
-1, 2.63, 2.65, 2.6, 2.6, 2.5, 2.5, 2.5, 2.6
1, 17, 20, 19, 14, 15, 17, 13, 19
1, 4.2, 4, 4, 4.2, 3.4, 4.2, 3.75, 4.2
1, 4, 3.9, 3.6, 3.6, 3.4, 4.2, 3.75, 4
1, 9, 13, 10, 12, 9, 11, 9, 11
1, 10, 8, 8.5, 8.5, 8, 9.5, 7, 10
0, 1.67, 1.62, 1.65, 1.7, 1.67, 1.65, 1.6, 1.64
1, 4, 4.4, 4, 3.8, 3.4, 4.2, 3.8, 4
-1, 1.25, 1.31, 1.3, 1.3, 1.25, 1.3, 1.3, 1.3
0, 3.5, 3.6, 3.4, 3.1, 3, 3.5, 3.3, 3.4
1, 1.29, 1.33, 1.35, 1.35, 1.3, 1.35, 1.3, 1.33
-1, 3.4, 3.5, 3.25, 3.1, 3.2, 3.4, 3.2, 3.3
-1, 2.75, 2.9, 2.75, 2.8, 2.8, 2.95, 2.7, 2.88
1, 10, 9.25, 8.5, 8, 9, 10, 10, 10
-1, 2.2, 2.2, 2.25, 2.3, 2.2, 2.3, 2.15, 2.25
1, 15, 14.5, 13, 10.5, 10, 13, 11, 15
1, 17, 14, 15, 13, 13, 15, 11, 17
1, 2.1, 2, 2, 2.1, 2.1, 2.05, 2, 2.1
-1, 2.5, 2.4, 2.35, 2.4, 2.4, 2.5, 2.45, 2.4
-1, 3.2, 3.4, 3.25, 3, 3.2, 3.2, 3.1, 3.25
1, 3.6, 3.6, 3.5, 3.6, 3.4, 3.75, 3.4, 3.5
1, 19, 17, 15, 13, 13, 19, 15, 21
-1, 3.6, 3.7, 3.6, 3.3, 3.4, 3.6, 3.6, 3.6
-1, 2.7, 2.7, 2.6, 2.65, 2.3, 2.7, 2.75, 2.7
-1, 1.83, 1.85, 1.85, 1.9, 1.73, 1.95, 1.83, 1.91
0, 3.1, 3.1, 3, 3.3, 2.7, 3.1, 2.8, 3.1
0, 3.1, 3.3, 3, 3.4, 2.88, 2.88, 3.1, 3.1
1, 3.8, 3.9, 3.6, 4, 3.4, 3.75, 3.6, 3.6
-1, 1.29, 1.31, 1.3, 1.3, 1.25, 1.29, 1.29, 1.27
1, 7.5, 7.5, 8, 7.5, 8, 8, 7.5, 8
1, 1.55, 1.55, 1.55, 1.5, 1.5, 1.57, 1.55, 1.53
1, 7, 6.5, 6, 5.2, 5.5, 6.25, 6, 6.5
0, 1.36, 1.42, 1.4, 1.4, 1.36, 1.4, 1.44, 1.4
-1, 4.5, 3.9, 4, 3.8, 3.4, 4.2, 3.8, 4.2
0, 3.3, 3.1, 3.1, 3.1, 3, 3.2, 3.1, 3.2
-1, 3.3, 3.2, 3.1, 3.4, 3.2, 3.25, 3.2, 3.2
1, 17, 20, 21, 16, 15, 17, 21, 21
1, 7.5, 7.5, 7, 7.5, 7, 7.5, 7.5, 7.5
1, 5.5, 5, 5, 5.2, 5.5, 5.75, 5, 5.75
-1, 2.88, 2.95, 2.75, 3, 2.7, 2.8, 2.6, 2.88
-1, 2, 1.91, 2, 2, 1.91, 1.95, 2, 2
1, 1.62, 1.6, 1.6, 1.65, 1.62, 1.6, 1.62, 1.62
0, 3.1, 2.9, 2.9, 2.9, 3, 3.05, 3, 3
-1, 3.4, 3.6, 3.2, 3.3, 3.2, 3.4, 3.2, 3.25
1, 3.25, 3.3, 3, 3.1, 2.62, 3.25, 3.1, 3
1, 3.75, 3.7, 3.6, 3.3, 3.2, 3.7, 3.3, 3.4
-1, 3, 3.1, 3, 2.9, 2.62, 3.05, 2.75, 3
1, 7, 7, 7.5, 7, 6.5, 7.5, 7, 7.5
0, 15, 18.5, 16, 16, 17, 17, 15, 17
1, 13, 11.5, 12, 10.5, 13, 15, 11, 12
1, 2.9, 2.8, 2.9, 2.9, 2.7, 3.1, 2.9, 3
0, 3, 2.9, 2.9, 2.9, 2.88, 3, 2.8, 2.9
-1, 1.44, 1.48, 1.45, 1.4, 1.36, 1.45, 1.44, 1.44
1, 4, 3.75, 3.6, 3.8, 3.4, 3.7, 3.75, 3.8
1, 5, 5, 5, 4.7, 4.5, 4.5, 5, 4.75
1, 17, 16.5, 16, 16, 17, 17, 17, 19
-1, 1.44, 1.45, 1.44, 1.4, 1.44, 1.44, 1.4, 1.44
-1, 1.57, 1.55, 1.55, 1.4, 1.5, 1.53, 1.44, 1.53
1, 2.4, 2.45, 2.45, 2.55, 2.25, 2.5, 2.4, 2.4
-1, 3.25, 3.2, 3.1, 3.1, 3.2, 3.25, 2.9, 3.1
0, 4.75, 4.75, 4.5, 4.3, 4.33, 4.7, 4.8, 4.75
0, 2.2, 2.2, 2.2, 2.3, 2, 2.2, 2.2, 2.2
1, 1.85, 1.83, 1.85, 1.85, 1.8, 1.8, 1.91, 1.83
0, 1.4, 1.4, 1.45, 1.4, 1.4, 1.4, 1.44, 1.4
1, 9, 10, 10, 8, 9, 9.5, 11, 9
-1, 2.63, 2.5, 2.5, 2.55, 2.5, 2.55, 2.4, 2.5
0, 1.36, 1.4, 1.35, 1.3, 1.33, 1.35, 1.36, 1.36
-1, 3.1, 2.9, 2.85, 2.55, 2.6, 2.9, 2.8, 2.88
1, 3.6, 3.4, 3.3, 3.4, 3.4, 3.5, 3.4, 3.4
1, 5, 5.5, 5.25, 5.6, 5, 5.5, 5, 5.75
1, 10, 10, 10, 12, 10, 11, 11, 10
-1, 2.4, 2.35, 2.5, 2.3, 2.25, 2.55, 2.25, 2.5
1, 4.75, 4.4, 4.25, 4, 3.75, 4.8, 4.2, 4.75
1, 15, 15, 15, 14, 15, 17, 15, 17
-1, 3.1, 3.1, 3, 3, 2.88, 3, 3.1, 3
-1, 4.33, 4.25, 4, 3.9, 3.5, 4.2, 3.8, 4.2
1, 3.75, 4.25, 4.5, 4.2, 3.75, 4.2, 4.33, 3.9
-1, 1.73, 1.72, 1.7, 1.8, 1.73, 1.75, 1.7, 1.64
1, 3.6, 3.4, 3.5, 3.8, 3.4, 3.5, 3.5, 3.75
1, 3.1, 3.1, 2.9, 3, 3, 3, 3.1, 3
0, 3.2, 3.2, 3, 3.1, 2.8, 3, 2.88, 2.88
1, 2.4, 2.5, 2.45, 2.4, 2.38, 2.4, 2.3, 2.4
-1, 3.75, 3.9, 4, 4, 4, 3.6, 3.8, 4
-1, 3.1, 3.1, 2.9, 3.2, 2.88, 3.1, 3.1, 3
0, 5, 5, 5, 4.3, 4.5, 5, 4.6, 5.25
-1, 2.25, 2.35, 2.25, 2.3, 2.2, 2.25, 2.25, 2.3
1, 2.1, 2.2, 2.1, 2.2, 2.1, 2.2, 2, 2.15
0, 1.57, 1.62, 1.6, 1.65, 1.57, 1.62, 1.57, 1.6
1, 11, 10, 9, 10.5, 10, 10.5, 11, 10
1, 5.5, 5.5, 4.75, 5.2, 5, 5, 5.5, 5.5
1, 17, 20, 15, 16, 15, 21, 17, 23
1, 3.1, 2.95, 3, 2.8, 3, 3.1, 3, 3.1
0, 3.25, 3.4, 3, 3.4, 3.2, 3.25, 3.3, 3.3
-1, 2.25, 2.2, 2.1, 2.2, 2, 2.3, 2.3, 2.25
-1, 3.6, 3.4, 3.4, 3.8, 3.4, 3.7, 3.4, 3.6
-1, 12, 11.5, 11, 9.5, 10, 11, 11, 13
1, 2.8, 2.55, 2.6, 2.5, 2.5, 2.63, 2.75, 2.63
-1, 1.5, 1.53, 1.48, 1.4, 1.4, 1.5, 1.5, 1.44
1, 3.1, 2.95, 2.9, 3.2, 2.75, 3, 3, 3
-1, 3, 2.95, 2.9, 3, 2.62, 3.1, 2.75, 3
0, 1.53, 1.56, 1.55, 1.45, 1.44, 1.53, 1.53, 1.53
-1, 2.6, 2.75, 2.75, 2.55, 2.6, 2.63, 2.7, 2.75
1, 7.5, 6.5, 7.5, 7.5, 7, 7, 5.5, 8
1, 4.75, 4.6, 4.25, 1.5, 3.75, 4.75, 4.6, 4
-1, 3, 2.95, 2.85, 1.5, 2.5, 2.88, 2.8, 2.75
1, 4.5, 4.6, 4.25, 5.2, 4, 4.5, 4, 4.33
0, 2.6, 2.7, 2.55, 2.7, 2.5, 2.55, 2.6, 2.5
0, 2.8, 2.6, 2.9, 1.5, 3, 2.95, 2.7, 2.9
1, 5.25, 4.75, 5.5, 4.5, 5.5, 5.25, 4.5, 6
1, 12, 10, 9, 9, 8, 10.5, 9.5, 9.5
-1, 2.88, 2.75, 2.65, 2.8, 2.88, 2.85, 2.8, 2.8
1, 2.38, 2.25, 2.25, 1.5, 2.2, 2.2, 2.15, 2.2
-1, 2.5, 2.5, 2.5, 2.7, 2.62, 2.65, 2.45, 2.5
0, 4.5, 4.75, 4.33, 4.3, 4.33, 4.5, 4.33, 4.8
-1, 1.44, 1.42, 1.44, 1.45, 1.44, 1.44, 1.44, 1.44
-1, 1.4, 1.42, 1.4, 1.45, 1.33, 1.4, 1.4, 1.4
1, 3.25, 3.6, 3.5, 3.4, 3.4, 3.3, 3.3, 3.5
1, 9, 9.75, 8, 7, 8, 9, 8, 8.5
-1, 5.25, 5.5, 5, 4.5, 5, 4.6, 5, 5.5
-1, 1.36, 1.42, 1.42, 1.5, 1.44, 1.4, 1.36, 1.4
1, 1.8, 1.7, 1.75, 1.8, 1.83, 1.75, 1.73, 1.8
0, 3, 2.8, 2.85, 2.9, 2.62, 2.85, 2.75, 3
-1, 17, 13, 12, 12, 9, 11, 12, 15
-1, 2.88, 2.7, 2.85, 3.1, 2.62, 2.9, 2.75, 2.75
0, 2.5, 2.45, 2.5, 2.5, 2.25, 2.55, 2.25, 2.5
0, 4, 4.2, 4, 4, 3.75, 4, 4, 4.2
1, 1.62, 1.55, 1.6, 1.65, 1.62, 1.57, 1.6, 1.53
0, 1.7, 1.75, 1.75, 1.8, 1.8, 1.75, 1.73, 1.8
0, 3.4, 3.1, 3.1, 3.2, 2.8, 3.2, 3, 3.25
-1, 2.9, 2.85, 2.85, 2.9, 2.6, 2.85, 2.9, 3
1, 13, 15.5, 12, 13, 12, 11, 13, 15
1, 6.5, 6.5, 6, 6.3, 5.5, 6.25, 6.5, 7.5
0, 5.75, 5, 5, 4.9, 4.5, 4.75, 5.5, 5
1, 15, 12, 13, 10.5, 11, 12, 11, 12
-1, 3.5, 3.4, 3.3, 3.2, 3.5, 3.3, 3.2, 3.75
1, 2.63, 2.6, 2.65, 2.8, 2.5, 2.7, 2.7, 2.63
1, 3.1, 3, 2.9, 2.9, 2.8, 3, 3, 2.8
0, 4.5, 4.5, 4, 4.4, 4.2, 4.2, 4, 4.33
-1, 1.4, 1.4, 1.4, 1.4, 1.4, 1.44, 1.4, 1.33
1, 6, 6.75, 5.5, 7, 5.5, 6.25, 6, 6
-1, 1.75, 1.75, 1.8, 1.85, 1.91, 1.75, 1.8, 1.8
1, 1.67, 1.62, 1.7, 1.72, 1.73, 1.7, 1.67, 1.67
1, 6, 5.5, 5.25, 5.2, 5, 5, 5, 6.75
0, 11, 9.75, 9, 10.5, 8, 8.5, 10, 13
1, 4, 3.8, 3.75, 3.6, 3, 3.8, 4, 3.75
1, 2.7, 2.75, 2.6, 2.6, 2.5, 2.75, 2.38, 2.6
0, 3.75, 3.8, 3.6, 3.8, 3.5, 3.4, 3.3, 3.8
1, 2.8, 2.9, 2.75, 2.9, 2.88, 2.7, 2.88, 2.88
0, 3.5, 3.4, 3.25, 3.3, 3.2, 3.3, 3.3, 3.2
1, 3.75, 3.6, 3.3, 3.6, 3.2, 3.6, 3.5, 3.6
0, 2.75, 2.85, 2.85, 2.7, 2.5, 2.8, 2.88, 3.1
1, 5, 5.5, 5, 4.9, 4.5, 5, 5, 5.25
1, 4.33, 4.4, 4.25, 3.8, 4, 4.2, 4.33, 4.33
0, 3.25, 3.5, 3.3, 3.3, 3, 3.4, 3.2, 3.6
0, 1.8, 1.75, 1.85, 1.85, 1.83, 1.85, 1.91, 1.95
0, 2.9, 2.95, 2.85, 2.8, 2.62, 2.88, 2.6, 3
-1, 1.53, 1.5, 1.55, 1.55, 1.53, 1.44, 1.53, 1.62
1, 7.5, 8, 7, 7, 6.5, 7, 7.5, 7
1, 3, 2.65, 2.6, 2.7, 2.75, 2.75, 2.7, 2.88
-1, 1.73, 1.55, 1.67, 1.75, 1.62, 1.67, 1.67, 1.65
1, 17, 16, 12, 14, 12, 11, 11, 14
1, 3.6, 3.4, 3.4, 3.3, 3.6, 3.4, 3.75, 3.75
1, 3.2, 3.1, 3, 2.9, 3, 3, 3.2, 3.25
0, 6.5, 6.5, 6.5, 7.5, 6, 7, 7, 7.5
1, 2.9, 2.9, 3, 2.9, 2.8, 3, 2.88, 2.8
1, 2.88, 2.75, 2.75, 2.9, 2.75, 2.85, 2.75, 3
1, 4.2, 3.9, 3.75, 3.3, 3.2, 3.75, 3.8, 4.1
1, 5, 5.25, 4.5, 4.3, 4.5, 4.75, 5, 5
1, 5.25, 5, 4.75, 4.7, 3.75, 4.75, 5, 5.5
-1, 2.88, 2.9, 2.8, 2.9, 2.75, 2.88, 2.62, 3
0, 2.88, 2.65, 2.75, 2.9, 2.75, 2.85, 2.75, 2.88
0, 1.91, 1.7, 1.8, 1.8, 1.8, 1.7, 1.85, 1.75
0, 1.62, 1.6, 1.65, 1.6, 1.62, 1.65, 1.65, 1.57
1, 3.4, 3.3, 3.1, 2.9, 3.2, 3.2, 3.3, 3.1
0, 3.9, 4.33, 3.75, 4, 4, 3.75, 4.2, 4.75
1, 2.38, 2.4, 2.3, 2.4, 2.38, 2.3, 2.4, 2.3
1, 5.5, 5.75, 5.25, 5.8, 6, 5, 5.5, 7
1, 4.33, 4.6, 4, 4.2, 3.5, 4, 3.75, 4.5
-1, 1.4, 1.42, 1.4, 1.4, 1.44, 1.33, 1.44, 1.4
1, 8, 8.75, 8, 8, 7, 8, 9, 8.5
1, 13, 14, 12, 12, 12, 13, 13, 14
1, 13, 13, 11, 10.5, 11, 12, 13, 12
-1, 1.5, 1.45, 1.5, 1.45, 1.5, 1.5, 1.53, 1.53
1, 1.83, 1.67, 1.72, 1.8, 1.67, 1.7, 1.67, 1.67
1, 3.4, 3.3, 3.3, 3.3, 3, 3.4, 3.25, 3.25
-1, 1.91, 1.75, 1.9, 1.85, 1.83, 1.88, 1.91, 2
1, 5, 4.33, 4.2, 4.2, 3.75, 4.2, 4.2, 4.33
0, 3, 3.2, 3.1, 2.9, 2.88, 3.2, 3.1, 2.9
1, 5.5, 5.75, 5.75, 5.8, 5, 5.75, 6, 6
0, 3.25, 3.1, 3.1, 3.3, 3.2, 3.1, 3.2, 3.4
-1, 3.1, 3.1, 3, 3, 2.75, 3.1, 2.88, 3
0, 2.5, 2.45, 2.5, 2.6, 2.25, 2.45, 2.25, 2.38
0, 4.2, 3.9, 3.85, 3.6, 3.5, 3.75, 4, 4.33
0, 2.8, 2.85, 2.75, 2.9, 2.5, 2.88, 2.7, 3
1, 4.33, 4.2, 4, 4.2, 3.75, 4, 4.33, 4.2
-1, 7, 7.75, 6.5, 5.8, 6, 7, 6, 7.5
-1, 6.5, 6, 6, 5.8, 5, 6, 6.5, 6.5
0, 3.25, 3.25, 3.1, 3, 3.5, 3.2, 3.6, 3.5
-1, 2.15, 2, 2.05, 2, 2.2, 1.95, 2.15, 2.2
1, 2.8, 2.85, 2.7, 2.9, 2.75, 2.7, 2.88, 2.9
1, 14, 12.5, 12, 13, 10, 12, 17, 17
1, 4.2, 3.6, 3.8, 4, 3.5, 3.75, 3.5, 4.2
0, 3.6, 3.3, 3.4, 3.4, 3.2, 3.5, 3.5, 3.5
1, 19, 17, 16, 14, 13, 15, 19, 21
1, 3.3, 3.2, 3.1, 3.3, 3, 2.9, 3.2, 3.4
-1, 2.5, 2.45, 2.5, 2.7, 2.5, 2.5, 2.5, 2.6
1, 2.75, 2.85, 2.7, 2.7, 2.5, 2.7, 2.6, 2.8
1, 3.4, 3.3, 3.1, 3.3, 3, 3.1, 3, 3.6
0, 2, 1.91, 1.9, 2.1, 2, 1.88, 2.05, 1.85
-1, 1.53, 1.5, 1.5, 1.55, 1.5, 1.5, 1.53, 1.57
-1, 2.88, 2.75, 2.75, 2.8, 2.6, 2.8, 2.6, 2.8
1, 5.5, 5.25, 5, 5.2, 4.33, 5, 5, 5.75
-1, 2.5, 2.5, 2.5, 2.65, 2.5, 2.6, 2.6, 2.5
1, 15, 13, 12, 12, 9, 11, 12, 17
0, 5, 5.75, 4.75, 4.7, 5, 5.25, 5, 5.5
1, 2.3, 2.3, 2.35, 2.45, 2.5, 2.35, 2.25, 2.38
-1, 1.57, 1.6, 1.57, 1.55, 1.5, 1.6, 1.55, 1.5
0, 3.75, 3.3, 3.2, 3.2, 3.2, 3.2, 3.75, 3.5
1, 19, 19, 15, 14, 13, 15, 15, 21
1, 6, 6.25, 5.5, 5.8, 6, 5.75, 5.5, 7
-1, 3.5, 3.5, 3.5, 3.4, 3.4, 3.6, 3.6, 3.5
1, 5.5, 5.5, 5, 5.8, 5, 5, 5, 5
1, 2.8, 2.65, 2.6, 2.5, 2.5, 2.65, 2.62, 2.8
1, 15, 13, 11, 12, 11, 13, 11, 14
0, 6, 5, 5.25, 6.3, 5.5, 5.5, 5.5, 6
-1, 2.7, 2.65, 2.6, 2.4, 2.38, 2.55, 2.5, 2.7
0, 2.88, 2.8, 2.85, 2.9, 2.5, 2.8, 2.75, 2.8
-1, 1.44, 1.4, 1.4, 1.4, 1.4, 1.4, 1.4, 1.4
-1, 1.67, 1.67, 1.65, 1.6, 1.67, 1.65, 1.67, 1.62
-1, 3, 2.65, 2.8, 2.8, 2.8, 2.7, 3, 2.88
1, 17, 16, 12, 12, 10, 13, 13, 13
1, 4.2, 3.8, 4, 4.2, 4, 4.2, 4.2, 4
0, 3.25, 3.1, 2.9, 3.3, 3, 2.9, 3.1, 3.1
-1, 7.5, 7.5, 7, 7, 7, 7, 6.5, 7
-1, 1.67, 1.6, 1.67, 1.6, 1.67, 1.65, 1.7, 1.57
0, 4.2, 4.5, 4, 4.2, 4.33, 4.2, 4.2, 4.5
-1, 3.5, 3.4, 3.1, 3.3, 3.2, 3.1, 3.3, 3.6
-1, 1.67, 1.6, 1.7, 1.75, 1.73, 1.73, 1.73, 1.67
1, 4.75, 5, 4.75, 4.5, 5, 5, 5, 5.75
-1, 9, 9.5, 8, 8.5, 8, 8, 8.5, 9
-1, 1.57, 1.5, 1.57, 1.55, 1.44, 1.55, 1.57, 1.5
-1, 3.75, 3.9, 3.6, 3.3, 3.75, 3.75, 3.8, 4
1, 4.5, 4.33, 4, 4.5, 4.5, 4.5, 4, 4.75
1, 23, 16.5, 15, 16, 13, 15, 13, 17
-1, 2.75, 2.75, 2.75, 2.8, 2.75, 2.75, 2.8, 2.75
-1, 1.4, 1.34, 1.4, 1.4, 1.33, 1.35, 1.4, 1.38
1, 13, 12, 10, 11, 8, 10, 12, 12
0, 3.8, 3.75, 3.6, 3.7, 3.1, 3.4, 3.4, 4.33
1, 3.2, 3.4, 3.2, 3.4, 3.2, 3.4, 3, 3.25
0, 3.75, 3.8, 3.4, 3.2, 2.88, 3.3, 3.4, 3.8
-1, 2.55, 2.6, 2.4, 2.5, 2.3, 2.45, 2.5, 2.5
0, 8, 7, 7.5, 7, 7, 7.5, 7.5, 8.5
-1, 1.83, 1.8, 1.8, 1.9, 1.83, 1.8, 1.83, 1.8
1, 13, 12, 11, 13, 12, 11, 13, 12
0, 10, 11, 10, 12, 8, 10, 11, 10
-1, 2.5, 2.35, 2.4, 2.55, 2.25, 2.4, 2.4, 2.5
0, 3.3, 3.1, 3.1, 3.1, 3, 3.2, 3, 3.25
0, 4.2, 4.1, 3.8, 4.2, 3.5, 3.8, 3.8, 4
-1, 3.2, 3.1, 3.1, 3.3, 3.3, 3.1, 3.2, 3.25
-1, 2.45, 2.55, 2.5, 2.55, 2.3, 2.55, 2.4, 2.5
1, 17, 16, 14, 16, 13, 13, 13, 19
-1, 1.33, 1.31, 1.33, 1.35, 1.33, 1.3, 1.33, 1.29
-1, 4.2, 4.4, 4, 4, 3.5, 4, 4, 4.1
0, 1.91, 1.85, 1.9, 1.85, 1.83, 1.85, 1.85, 1.91
1, 11, 10, 10, 8.5, 10, 11, 9, 12
1, 2.8, 2.65, 2.6, 2.6, 2.5, 2.55, 2.7, 2.8
1, 3.6, 3.1, 3.3, 3.3, 3.4, 3.4, 3.4, 3.4
1, 4, 4, 3.5, 3.5, 3.5, 4, 3.8, 4
-1, 1.91, 1.8, 1.8, 1.9, 1.8, 1.73, 2, 1.83
0, 4.2, 4.33, 3.75, 3.7, 3.75, 4.2, 3.75, 4.33
-1, 2.55, 2.6, 2.6, 2.8, 2.8, 2.7, 2.7, 2.5
0, 2.6, 2.4, 2.4, 2.4, 2.38, 2.4, 2.5, 2.38
-1, 3.6, 3.4, 3.3, 3.4, 3.2, 3.75, 3.8, 3.6
1, 3.8, 3.75, 3.6, 3.7, 3.2, 3.6, 3.6, 3.75
0, 3.25, 3.2, 3, 3.3, 3, 3.25, 3.2, 3
-1, 5, 4.6, 4.75, 4.9, 5, 5, 4.8, 6
-1, 2.25, 2.05, 2.1, 2.2, 2.2, 2.2, 2.1, 2.15
-1, 5.5, 4.6, 4.75, 5.2, 5, 5, 4.8, 5.5
-1, 1.44, 1.37, 1.4, 1.4, 1.4, 1.36, 1.44, 1.36
1, 5, 4.5, 4.5, 4.7, 5, 4.5, 4.75, 5.5
-1, 4.75, 4.75, 4.5, 4.5, 3.75, 4.6, 4.5, 4.75
1, 12, 11.5, 10, 11, 10, 10, 9.5, 13
1, 2.1, 1.95, 2, 2, 2.1, 1.91, 2.05, 2.1
1, 3.6, 3.5, 3.3, 3.1, 2.8, 3.3, 3.75, 3.25
0, 2.1, 2.1, 2.15, 2, 2, 2.1, 2.05, 2.15
0, 3.4, 3.2, 3.1, 3.3, 3, 3.2, 3.3, 3.4
1, 12, 11, 10, 12, 10, 9, 9.5, 11
-1, 4.2, 4.33, 3.75, 3.7, 3.5, 4, 3.8, 4.2
0, 2.9, 2.9, 2.85, 3.1, 2.62, 2.9, 3, 3.1
1, 1.85, 1.78, 1.85, 1.8, 1.8, 1.8, 1.91, 1.8
1, 7.5, 7.75, 6.5, 7, 6.5, 7.5, 7, 9
0, 5, 4.75, 4.75, 4.5, 5, 4.75, 4.75, 5
0, 2.3, 2.2, 2.35, 2.4, 2.2, 2.38, 2.3, 2.3
1, 2.8, 2.5, 2.6, 2.6, 2.5, 2.55, 2.62, 2.55
0, 6, 4.75, 5.25, 5.8, 5.5, 5.5, 5.5, 6
0, 2, 1.85, 1.9, 1.95, 2, 1.9, 1.91, 1.91
0, 17, 16.5, 15, 14, 13, 15, 17, 21
0, 4.33, 4.1, 4.25, 4.7, 3.75, 4.5, 4.5, 4.33
-1, 3, 2.9, 2.85, 2.9, 2.62, 3, 2.8, 3
-1, 1.36, 1.33, 1.35, 1.35, 1.33, 1.3, 1.36, 1.3
1, 2.25, 2.3, 2.25, 2.4, 2.1, 2.2, 2.25, 2.25
0, 7, 6, 6.5, 6.3, 6, 6.5, 6, 6.5
1, 3.8, 3.8, 3.5, 3.8, 3, 3.4, 3.8, 3.8
0, 3.3, 3.1, 3, 3.1, 2.6, 3.1, 3.2, 3.25
1, 16, 11.5, 15, 13, 13, 15, 13, 14
1, 2.6, 2.65, 2.6, 2.7, 2.5, 2.5, 2.62, 2.75
-1, 1.62, 1.55, 1.65, 1.75, 1.62, 1.62, 1.65, 1.62
1, 6.25, 6, 6, 5.2, 5, 6, 5, 6.5
-1, 2.1, 2, 2.15, 2, 2.1, 2.05, 2.15, 2.15
-1, 2.75, 2.65, 2.6, 2.7, 2.62, 2.75, 2.5, 2.7
1, 4, 3.6, 3.6, 3.3, 3.5, 3.4, 3.5, 3.6
-1, 2.1, 2, 2.1, 2.2, 2, 2.05, 2.1, 2.05
-1, 2.9, 2.7, 2.8, 3, 2.5, 2.8, 2.88, 3.2
0, 2.3, 2.3, 2.3, 2.55, 2.25, 2.25, 2.3, 2.4
-1, 3.5, 3.6, 3.3, 3.2, 3.3, 3.75, 3.4, 3.5
1, 4, 3.9, 3.75, 3.8, 3.2, 3.75, 3.5, 4.2
1, 3.4, 3, 3.1, 3.2, 3, 3.4, 3.1, 3.5
0, 3.8, 3.4, 3.75, 3.8, 3.2, 3.8, 3.75, 4.33
1, 7, 6.5, 6.5, 5.8, 6, 7, 7, 7.5
1, 3.5, 3.1, 3.2, 3.2, 3, 3.4, 3.4, 3.25
1, 1.8, 1.7, 1.7, 1.85, 1.67, 1.75, 1.65, 1.75
-1, 3.1, 3.2, 3.1, 3.4, 3, 3.3, 3.2, 3.25
-1, 1.5, 1.5, 1.44, 1.5, 1.5, 1.44, 1.44, 1.44
1, 3.4, 3, 2.9, 3.4, 2.75, 3, 3, 3
1, 5, 5, 4.5, 4.2, 4.5, 4.75, 4.75, 5
0, 3.8, 3.4, 3.2, 3.3, 3.4, 3.2, 3.25, 3.6
1, 3.25, 3, 3, 3.3, 3.2, 3, 3.1, 3.2
0, 3.1, 3, 3, 3.4, 2.5, 3, 2.9, 3
1, 9, 7.25, 8, 8.5, 6.5, 8, 8, 9.5
-1, 3.6, 3.4, 3.3, 3.4, 3.2, 3.4, 3.4, 3.5
1, 6, 5.5, 6.5, 6.3, 5, 6.25, 5.5, 7
1, 4, 4.1, 3.6, 3.4, 3.75, 3.75, 3.75, 3.5
0, 2.38, 2.4, 2.4, 2.3, 2.5, 2.45, 2.4, 2.5
1, 2.9, 2.85, 2.85, 2.9, 2.62, 2.85, 2.9, 3.2
1, 8, 8, 8, 8, 8, 9, 8, 10
0, 2.5, 2.65, 2.65, 2.8, 2.62, 2.65, 2.75, 2.75
1, 4.25, 4, 4, 3.8, 3.75, 4, 4.2, 4.33
-1, 3.4, 3, 3, 2.8, 2.8, 2.9, 3.2, 3.2
0, 1.73, 1.65, 1.67, 1.75, 1.73, 1.62, 1.7, 1.73
-1, 1.67, 1.62, 1.6, 1.6, 1.62, 1.57, 1.62, 1.53
0, 6.5, 8, 7.5, 7, 6, 7.5, 8, 10
0, 2, 1.85, 2, 2.2, 2, 1.85, 2, 2
1, 4.5, 3.9, 4, 3.7, 3.5, 4, 4, 4.2
1, 2.6, 2.55, 2.45, 1.5, 2.6, 2.45, 2.5, 2.5
-1, 6, 5.25, 5.5, 7, 5, 6, 5.5, 6
1, 2.6, 2.6, 2.6, 2.7, 2.5, 2.5, 2.6, 2.7
0, 12, 9.25, 10, 14, 10, 12, 8, 13
-1, 2, 2, 1.95, 2, 2, 1.9, 2, 2
-1, 8, 7.25, 7.25, 7, 7, 8, 6.5, 7.5
-1, 2.3, 2.35, 2.3, 1.5, 2.38, 2.3, 2.3, 2.3
0, 12, 9.25, 10, 9.5, 8, 10, 9, 11
-1, 1.67, 1.67, 1.7, 1.75, 1.67, 1.6, 1.75, 1.7
-1, 1.91, 1.88, 1.8, 1.9, 1.91, 1.83, 1.83, 1.83
0, 2.38, 2.25, 2.3, 2.2, 2.38, 2.2, 2.3, 2.2
1, 5.25, 5.25, 5, 5.5, 4, 4.75, 4.8, 5.5
1, 4.33, 3.8, 3.75, 4, 3.2, 3.8, 3.6, 4.2
-1, 2.88, 2.8, 2.75, 2.7, 2.8, 2.75, 2.8, 3
0, 3.75, 4.1, 3.75, 3.8, 3.75, 3.6, 3.6, 3.75
0, 2.1, 1.95, 2, 2, 1.91, 2.05, 2.1, 2.1
1, 6, 5.5, 5, 5.2, 4.5, 5.2, 4.8, 4.5
0, 8, 8, 7.5, 8, 7, 7.5, 7, 7.5
0, 3.4, 3.1, 3.2, 3.2, 3.1, 3.4, 3, 3.4
0, 3.6, 3.6, 3.6, 3.8, 3.3, 3.4, 3.5, 3.75
0, 1.44, 1.45, 1.5, 1.5, 1.44, 1.45, 1.44, 1.53
0, 2.5, 2.65, 2.6, 2.6, 2.5, 2.5, 1.5, 2.5
0, 3.6, 3.45, 3.4, 3.1, 3.2, 3.7, 3.2, 3.6
0, 3, 3.1, 3, 3.1, 2.8, 3.15, 2.9, 3.4
-1, 4.75, 4.25, 4.5, 4.5, 5, 4.75, 4.5, 4.5
-1, 1.85, 1.72, 1.85, 1.75, 1.67, 1.85, 1.8, 2
1, 4.33, 4.2, 4, 4, 3.75, 4.5, 4, 4.33
1, 7.5, 8, 8, 8.5, 7, 8, 8.5, 9
1, 3.4, 3.8, 3.4, 3.6, 3.2, 3.7, 3.65, 3.6
1, 3.8, 3.85, 3.75, 3.6, 3.3, 3.75, 3.3, 3.75
-1, 1.44, 1.45, 1.45, 1.45, 1.4, 1.45, 1.44, 1.44
0, 2.88, 2.95, 2.75, 2.9, 2.8, 2.7, 2.75, 3
-1, 1.67, 1.6, 1.73, 1.8, 1.62, 1.75, 1.67, 1.73
0, 2.7, 2.7, 2.6, 2.5, 2.4, 2.7, 2.5, 2.75
0, 3.4, 3.75, 3.5, 3.6, 3.2, 3.7, 3.1, 3.6
1, 7.5, 6, 6.5, 5.8, 7, 6.25, 5.8, 6
1, 15, 15, 10, 10.5, 9, 12, 11, 15
0, 5, 5.2, 5, 5.8, 5, 5.5, 4.8, 5.5
1, 5.75, 6.1, 5.5, 4.7, 4.5, 6, 5.5, 5.5
1, 13, 12, 12, 11, 9, 12, 13, 11
1, 2.8, 2.7, 2.65, 2.6, 2.5, 2.7, 2.7, 2.63
-1, 1.5, 1.45, 1.5, 1.6, 1.44, 1.45, 1.53, 1.57
-1, 2.7, 2.75, 2.75, 2.7, 2.38, 2.5, 2.9, 2.5
1, 3.4, 3.2, 3.2, 2.8, 2.7, 3.4, 3.1, 3.6
-1, 2.8, 2.9, 2.75, 2.7, 2.62, 2.6, 2.7, 3
1, 11, 10, 10, 9.5, 8, 11, 11, 10
1, 2.6, 2.6, 2.6, 2.6, 2.5, 2.6, 2.62, 2.5
0, 3.25, 3.7, 3.4, 3.1, 3, 3.3, 3.35, 3.4
1, 2.1, 1.9, 2.15, 2.1, 2.2, 2.1, 2.1, 2.15
0, 3.4, 3.55, 3.2, 3, 2.8, 3.2, 3.3, 3.6
-1, 1.4, 1.4, 1.45, 1.5, 1.44, 1.45, 1.45, 1.44
1, 3, 3.15, 3, 2.65, 2.8, 2.7, 3.05, 3.2
-1, 4.33, 4.5, 4, 4.2, 3.75, 4.5, 4.3, 4.5
1, 11, 10, 10, 10.5, 10, 11, 11, 11
-1, 1.91, 1.85, 1.85, 1.9, 1.83, 1.85, 1.8, 1.91
1, 11, 10, 10, 11, 8, 12, 11, 11
-1, 5.5, 5.8, 5.5, 5.2, 5, 5.5, 5.2, 5.5
1, 4.2, 4.45, 4, 4, 3.75, 4, 3.75, 4.33
0, 4, 4.2, 4, 4, 3.5, 4.2, 3.35, 4
-1, 2.8, 2.8, 2.75, 2.9, 2.75, 2.8, 2.55, 2.63
0, 4.75, 4.3, 4.33, 4.2, 4.33, 4.3, 3.8, 4.33
-1, 3, 3, 2.8, 2.9, 2.75, 2.7, 2.8, 2.88
1, 3, 3, 3, 2.8, 2.88, 2.9, 2.8, 3
1, 10, 8.5, 8.75, 8, 10, 9, 10, 10
1, 3.75, 3.2, 3.4, 3.6, 3, 3.4, 3.2, 3.5
-1, 1.44, 1.45, 1.5, 1.5, 1.4, 1.5, 1.5, 1.44
0, 8.5, 10, 9, 8.5, 8, 10, 9, 9
1, 3.1, 3.2, 3.1, 3, 3, 3.2, 3.2, 3.2
-1, 1.44, 1.4, 1.45, 1.5, 1.36, 1.45, 1.45, 1.44
-1, 2.8, 2.95, 2.85, 2.8, 2.75, 2.9, 2.8, 2.88
0, 3.5, 3.55, 3.6, 3.6, 3.4, 3.4, 3.4, 3.75
1, 4, 3.55, 3.6, 3.3, 3.2, 3.6, 3.6, 4
0, 1.83, 1.8, 1.8, 1.9, 1.8, 1.85, 1.95, 1.91
1, 4.75, 4.7, 4.5, 4.2, 4, 4.6, 4.5, 4.5
1, 17, 12, 12, 12, 12, 12, 12, 13
1, 2.7, 2.6, 2.6, 2.55, 2.5, 2.6, 2.65, 2.88
1, 12, 10, 10, 10.5, 10, 10, 11, 9
0, 1.91, 1.85, 1.8, 1.8, 1.83, 1.85, 1.83, 1.91
0, 14, 13, 12, 12, 12, 12, 14, 13
1, 3.25, 3.3, 3.2, 3.3, 3.2, 3.3, 3.4, 3.5
1, 2.1, 1.91, 2.1, 2, 2.25, 2.05, 2.05, 2.2
1, 7, 6, 6.25, 5.8, 5.5, 6.75, 6.8, 6
-1, 3, 3, 3, 2.9, 2.8, 3.1, 3.1, 3.4
-1, 3.25, 3.2, 3.3, 3.3, 3.2, 3.6, 3.4, 3.4
0, 9, 7.25, 7.5, 8, 8, 8, 8, 8
1, 2.75, 2.8, 2.7, 2.8, 2.5, 2.7, 2.8, 2.88
-1, 3.3, 3.55, 3.1, 3.3, 3.2, 3.2, 3.3, 3.6
1, 2.25, 2.2, 2.15, 2.1, 1.83, 2.2, 2.3, 2.2
0, 3, 2.85, 2.9, 2.9, 3.2, 2.9, 2.95, 3.25
0, 4.2, 3.55, 3.5, 3.8, 3.75, 4, 3.55, 4
-1, 2.75, 2.5, 2.6, 2.8, 2.75, 2.6, 2.7, 2.9
1, 1.75, 1.65, 1.7, 1.7, 1.67, 1.65, 1.7, 1.73
0, 2, 1.85, 1.95, 2, 1.91, 1.85, 1.95, 2.1
1, 17, 15, 11, 12, 9, 15, 14, 15
-1, 2.63, 2.6, 2.6, 2.7, 2.5, 2.6, 2.6, 2.7
0, 2.3, 2.15, 2.25, 2.4, 2.38, 2.3, 2.35, 2.38
1, 4, 4, 4, 3.6, 3.6, 4, 4.3, 4.33
0, 2.5, 2.4, 2.45, 2.6, 2.4, 2.5, 2.5, 2.5
0, 5.5, 6, 5.5, 4.9, 5, 5.75, 5.7, 5.5
0, 3.75, 3.75, 3.75, 3.8, 3.4, 3.75, 2.9, 4
1, 11, 12, 10, 11, 10, 12, 11, 12
1, 7.5, 7.5, 7, 7, 7, 7.5, 7.5, 7
-1, 1.85, 1.75, 1.85, 1.85, 1.73, 1.75, 1.95, 1.91
0, 1.8, 1.75, 1.8, 1.8, 1.67, 1.85, 1.8, 1.83
1, 3.2, 3.3, 3.2, 3.1, 3.2, 3, 3, 3.2
0, 4.2, 4.7, 4.25, 4, 4, 4.5, 4.5, 4.5
1, 11, 12, 12, 12, 11, 12, 13, 13
1, 5.5, 6, 5.75, 5.2, 5, 5.75, 5.5, 5
-1, 2.75, 2.65, 2.75, 2.7, 2.6, 2.8, 2.9, 3
-1, 1.65, 1.65, 1.65, 1.6, 1.62, 1.65, 1.6, 1.62
1, 2.75, 2.6, 2.7, 2.5, 2.5, 2.7, 2.75, 3
0, 1.4, 1.4, 1.38, 1.45, 1.36, 1.33, 1.4, 1.44
-1, 8, 8.35, 8, 7.5, 7, 8, 7.5, 8.5
1, 4.75, 4.5, 4.25, 4, 3.75, 4.2, 4.4, 4.5
-1, 5, 4.5, 4.33, 4, 4.5, 4.6, 4.5, 4.33
1, 21, 15, 15, 14, 11, 19, 17, 17
0, 11, 9.5, 9, 8, 8, 10, 9, 10
-1, 2.4, 2.25, 2.4, 2.5, 2.4, 2.5, 2.4, 
-1, 1.91, 1.85, 1.9, 2, 1.91, 1.9, 2, 2
1, 4.75, 4.2, 4.2, 3.8, 3.75, 4.3, 4.3, 4.75
-1, 1.83, 1.75, 1.85, 1.9, 1.91, 1.8, 1.85, 1.83
1, 3.2, 2.8, 3, 2.8, 2.88, 3.2, 3, 3
1, 4.2, 3.8, 3.75, 3.6, 3.5, 4, 3.9, 4
1, 4.2, 4.3, 4.2, 4.5, 4.33, 4.3, 3.9, 4.33
1, 1.83, 1.85, 1.85, 1.9, 1.83, 1.85, 1.95, 1.91
0, 3.3, 3.4, 3.2, 3.6, 3.2, 3.3, 3.5, 
1, 5.5, 5.8, 4.75, 5.2, 5, 4.75, 5.1, 5
-1, 3.1, 3.1, 3.2, 3.3, 3, 3.2, 3.2, 3.4
-1, 1.62, 1.55, 1.6, 1.6, 1.57, 1.55, 1.65, 1.62
1, 9, 7.5, 8, 8.5, 8, 9, 10, 10
1, 3.75, 4.2, 3.75, 3.7, 3.3, 3.8, 4.1, 3.75
0, 2.88, 2.85, 2.75, 2.8, 2.6, 2.88, 2.85, 2.75
1, 10, 9.75, 10, 11, 10, 11, 11, 10
0, 3.5, 3.45, 3.4, 3.6, 3.5, 3.6, 3.55, 3.75
0, 7, 6, 6.5, 5.8, 6, 6.75, 6.8, 6.5
1, 3.2, 2.85, 3.1, 3.2, 2.88, 3.1, 3.1, 3.2
0, 12, 13, 10, 12, 10, 12, 12, 12
1, 7, 7, 6.5, 5.8, 6, 6.75, 7.5, 6.5
-1, 1.95, 1.9, 1.9, 1.9, 1.91, 1.9, 1.95, 1.83
-1, 3.2, 3.15, 3.1, 3.4, 3.2, 3, 3.1, 3
-1, 1.7, 1.55, 1.7, 1.7, 1.62, 1.6, 1.65, 1.67
-1, 3.5, 3.55, 3.4, 3.4, 3, 3.2, 3.4, 3.4
1, 3.2, 2.85, 2.85, 2.8, 3, 2.9, 2.9, 3
1, 10, 8.5, 8, 8, 8, 9, 9, 8.5
1, 4.2, 4.1, 4, 4.4, 4, 3.8, 3.9, 4
-1, 1.83, 1.75, 1.85, 1.8, 1.91, 1.8, 1.85, 1.8
1, 3.5, 3.55, 3.2, 3.6, 3.2, 3, 3.4, 3.5
1, 3.25, 2.8, 2.85, 3.2, 3, 3, 2.95, 3.5
0, 3, 3, 2.8, 3, 2.62, 2.8, 2.8, 3.2
-1, 2.88, 3, 2.85, 2.9, 2.8, 2.8, 3, 2.88
1, 13, 13, 1.5, 10.5, 8, 10, 9.5, 11
0, 1.33, 1.3, 1.32, 1.3, 1.33, 1.28, 1.3, 1.3
-1, 8, 7.5, 7.5, 8, 7, 8, 7.5, 8
-1, 4.2, 4.7, 4, 4, 3.4, 4, 4.05, 4
1, 3.4, 3.55, 3.5, 3.8, 3, 3.75, 3.7, 3.75
1, 2.63, 2.65, 2.6, 2.6, 2.25, 2.6, 2.7, 2.8
1, 11, 13, 10, 12, 11, 12, 11, 11
1, 3.75, 4.1, 3.6, 3.7, 3.2, 3.75, 3.9, 4.2
-1, 1.6, 1.6, 1.62, 1.6, 1.5, 1.57, 1.61, 1.57
0, 2, 1.9, 2, 2.1, 2, 1.95, 1.95, 2.1
1, 17, 15, 12, 12, 13, 13, 15, 15
0, 1.44, 1.38, 1.45, 1.45, 1.4, 1.4, 1.45, 1.5
0, 4.75, 4, 4, 4.4, 4.5, 4.3, 5, 4.33
0, 5, 4.55, 4.75, 4, 5, 5, 5, 4.5
0, 3.75, 3.9, 3.6, 3.6, 3.75, 3.6, 3.7, 3.75
1, 6.5, 7.5, 6.5, 7, 6.5, 5.75, 6.9, 6.5
0, 2.5, 2.65, 2.5, 2.7, 2.5, 2.5, 2.6, 2.75
0, 3.3, 3.1, 3.2, 3.3, 3.2, 3.3, 3.3, 3.5
1, 5.5, 4.7, 5, 5.2, 5, 5, 5, 5
0, 1.83, 1.8, 1.85, 2, 1.83, 1.9, 1.9, 2
1, 4.33, 4.5, 4.25, 4.2, 3.75, 4.3, 4.3, 4.75
-1, 3.3, 3.55, 3.2, 3.3, 2.88, 3.1, 3.1, 3.6
-1, 3.3, 3.55, 3.2, 3.3, 3, 3.2, 3.2, 3.4
-1, 2.5, 2.7, 2.6, 2.7, 2.5, 2.6, 2.6, 2.75
-1, 2.9, 2.7, 2.75, 2.7, 2.62, 2.7, 2.65, 2.88
-1, 1.36, 1.35, 1.4, 1.45, 1.4, 1.35, 1.4, 1.4
1, 2.5, 2.7, 2.55, 2.6, 2.5, 2.5, 2.6, 2.75
1, 11, 9, 9, 8, 8, 9, 9, 8.5
-1, 3.75, 3.4, 3.4, 3.6, 3.4, 3.6, 3.5, 3.6
1, 4.5, 3.95, 4.25, 4, 5, 4.3, 4.4, 4.33
1, 2.1, 1.95, 2.2, 2, 2.1, 2.15, 2.2, 2.2
1, 6.5, 6, 6, 4.9, 6, 6.25, 6, 6.5
1, 4.75, 4.6, 4.6, 4.5, 4.5, 4.5, 5, 4.5
0, 13, 13, 12, 12, 11, 12, 13, 13
0, 3.5, 3.4, 3.6, 3.7, 3, 3.75, 3.8, 4
0, 1.6, 1.55, 1.65, 1.65, 1.57, 1.55, 1.65, 1.67
-1, 1.6, 1.5, 1.6, 1.6, 1.5, 1.6, 1.6, 1.67
1, 11, 13, 10, 11, 10, 12, 12, 11
0, 3.5, 3.55, 3.6, 3.7, 3.5, 3.5, 3.5, 3.75
1, 3.8, 3.85, 3.75, 3.85, 3.6, 3.6, 3.9, 4
1, 3.2, 3, 3, 3.1, 2.8, 3.2, 3, 3.2
-1, 1.67, 1.65, 1.65, 1.75, 1.57, 1.7, 1.67, 1.73
1, 7.5, 7.2, 7.5, 7, 7, 8, 7.5, 8
-1, 3.5, 3.3, 3.3, 3.4, 3, 3.3, 3.3, 3.5
-1, 1.53, 1.55, 1.57, 1.55, 1.5, 1.5, 1.53, 1.62
-1, 4.2, 3.85, 4, 4.4, 4, 4, 4, 4
1, 6, 6.5, 5.75, 5.2, 6, 5.75, 6, 5.5
1, 3.4, 3.1, 3.2, 3.3, 3.5, 3.1, 3.2, 3.25
1, 2.05, 1.85, 1.9, 1.85, 1.83, 1.95, 1.91, 2
1, 6, 5.7, 5, 4.9, 5, 5.2, 5, 5.5
1, 4.5, 4.6, 4.25, 4.7, 4.5, 4.5, 4.5, 4.5
-1, 1.36, 1.44, 1.4, 1.45, 1.33, 1.35, 1.36, 1.44
1, 3.3, 3.3, 3.15, 2.9, 2.62, 3.3, 3.25, 3.2
1, 3.4, 2.85, 2.85, 2.9, 2.6, 3, 3, 3.1
-1, 3.6, 3.3, 3.4, 3.4, 3.5, 3.5, 3.6, 3.75
1, 2.75, 2.8, 2.7, 2.8, 2.5, 2.5, 2.75, 2.75
1, 5, 4.6, 4.75, 4.4, 4.33, 4.2, 5, 4.5
1, 5.5, 6, 5, 5.2, 5, 5, 5, 5.5
1, 8.5, 8.5, 7.5, 8.5, 7, 9, 7.5, 7
0, 3.2, 3.3, 3.3, 3.2, 2.9, 3.1, 3.25, 3.6
0, 3.6, 3.3, 3.3, 3.1, 3.1, 3.4, 3.4, 3.75
0, 5.5, 5, 5, 4.5, 5.5, 4.75, 5, 5.5
1, 11, 11, 10, 12, 9, 11, 13, 10
-1, 1.4, 1.35, 1.4, 1.4, 1.5, 1.35, 1.4, 1.4
0, 3.25, 3.1, 3, 2.9, 2.8, 2.75, 3, 3.25
-1, 2.1, 1.95, 1.9, 1.9, 1.91, 1.95, 2, 2
-1, 1.4, 1.4, 1.42, 1.4, 1.4, 1.4, 1.4, 1.36
0, 4.75, 4.7, 4.25, 4.5, 3.75, 4.3, 4.2, 4.33
1, 2.9, 3, 2.9, 2.9, 2.6, 2.9, 2.85, 3.2
0, 5.5, 5, 4.75, 4.7, 5, 4.5, 5, 5
0, 3, 3.1, 3.2, 3.4, 3.1, 3.1, 3.1, 
1, 5.75, 5.3, 5, 4.7, 4.5, 5, 5, 5
-1, 3.4, 3.2, 3.2, 3.4, 3.2, 3.2, 3.4, 3.75
-1, 3.75, 3.7, 3.8, 3.8, 3.5, 4, 4, 4
1, 11, 9, 10, 10, 10, 10, 11, 10
-1, 1.3, 1.35, 1.35, 1.4, 1.33, 1.35, 1.33, 1.36
0, 2.7, 2.8, 2.8, 2.8, 2.5, 2.8, 2.8, 2.88
1, 3.3, 3.6, 3.4, 3.4, 3.2, 3.5, 3.7, 3.6
1, 8.5, 9.5, 9, 8, 8, 10, 10, 10
1, 10, 9, 11, 8, 11, 11, 13, 10
0, 3, 2.8, 2.75, 2.8, 2.5, 2.75, 2.8, 3.2
1, 17, 15, 13, 14, 12, 17, 15, 17
-1, 1.36, 1.4, 1.4, 1.35, 1.4, 1.4, 1.4, 1.4
0, 1.91, 1.8, 1.9, 1.9, 1.73, 1.85, 2, 2
-1, 3.3, 3.25, 3.1, 3.2, 3, 3.2, 3, 3.2
0, 3.75, 3.85, 3.75, 4.2, 3.8, 4, 3.9, 4
-1, 1.73, 1.7, 1.72, 1.75, 1.57, 1.7, 1.7, 1.67
1, 9, 9, 8, 8, 8, 6.5, 9, 8.5
0, 3, 2.85, 2.8, 2.6, 2.5, 2.75, 2.85, 2.88
1, 2.4, 2.4, 2.35, 2.4, 2.4, 2.4, 2.4, 2.3
1, 4.2, 3.85, 3.75, 3.8, 3.3, 4.25, 4.1, 4
1, 4.1, 3.85, 3.6, 3.8, 3.5, 3.4, 4.2, 3.75
1, 2.9, 2.8, 2.75, 3.1, 2.75, 2.9, 2.85, 3
0, 2.2, 2.15, 2.2, 2.2, 2.1, 2.2, 2, 2
1, 12, 9, 9, 10.5, 9, 10, 11, 10
-1, 12, 9, 9, 10.5, 8, 10, 11, 10
-1, 1.5, 1.44, 1.45, 1.6, 1.44, 1.44, 1.45, 1.44
-1, 1.67, 1.65, 1.65, 1.8, 1.57, 1.75, 1.7, 1.73
-1, 3.3, 3.5, 3.3, 3.7, 3.2, 3.1, 3.3, 3.1
1, 19, 15, 13, 16, 13, 17, 21, 21
-1, 3.75, 4.2, 4, 3.8, 3.5, 4, 3.7, 3.75
0, 1.91, 1.7, 1.72, 1.7, 1.91, 1.8, 1.85, 1.91
-1, 3, 2.9, 2.75, 3.1, 2.8, 2.75, 2.8, 
0, 3.6, 3.5, 3.3, 4, 3.5, 3.4, 3.4, 3.6
0, 3.6, 3.75, 3.5, 3.2, 3.5, 3.9, 3.6, 3.75
-1, 2.2, 1.95, 2.15, 2.3, 2.25, 2.3, 2.15, 2.25
1, 15, 12, 12, 10, 11, 10, 11, 11
1, 3.2, 3.3, 3.1, 3.1, 3.2, 3.2, 3.1, 3.5
-1, 3, 3, 2.75, 2.6, 2.75, 2.7, 2.8, 2.88
1, 2.8, 2.95, 2.9, 2.5, 2.7, 2.6, 2.75, 2.6
1, 15, 12, 9, 9, 8, 9, 9, 10
0, 1.62, 1.5, 1.6, 1.6, 1.53, 1.65, 1.57, 1.65
0, 5, 5, 4.5, 4.2, 4.5, 4.5, 4.2, 4.33
0, 2.8, 2.75, 2.75, 2.6, 2.5, 2.7, 2.7, 2.88
1, 3.75, 4, 3.75, 3.2, 3.5, 4, 1.5, 4.2
1, 4, 4.8, 4, 3.6, 4, 4.5, 1.5, 4.33
1, 4.5, 4, 4.2, 3.8, 4.5, 4.5, 1.5, 5
-1, 3.1, 3.3, 3.1, 2.7, 3, 3, 1.5, 3
-1, 3, 3, 3, 2.7, 3, 3, 2.8, 3.2
-1, 2.2, 2, 2.2, 2.1, 2.25, 2.3, 2.15, 2.2
1, 9, 12, 9, 8, 8, 8, 8, 9
1, 3, 3.1, 2.9, 2.65, 2.8, 2.85, 2.9, 3
0, 2.88, 3, 2.9, 2.7, 2.62, 2.85, 2.8, 3
1, 2, 1.85, 2, 2.1, 2.1, 2.05, 2.1, 2.2
1, 3.75, 3.8, 3.75, 3.8, 4, 3.8, 3.5, 4.33
0, 1.53, 1.4, 1.45, 1.55, 1.44, 1.45, 1.44, 1.53
-1, 4, 4.8, 3.75, 3.8, 4, 3.8, 3.8, 4
-1, 1.62, 1.6, 1.7, 1.65, 1.67, 1.7, 1.57, 1.67
1, 23, 12, 11, 10, 12, 12, 12, 13
1, 3.3, 3.1, 3, 2.9, 2.9, 3.25, 3, 3.25
1, 4.5, 4.4, 4.25, 3.8, 4.5, 4.75, 4.2, 5
0, 6, 6.5, 6, 4.6, 5, 6.25, 5.2, 6
1, 3.5, 3.75, 3.6, 3.2, 4, 3.6, 3.6, 3.75
-1, 4.5, 4.8, 4.5, 4, 4.5, 4.75, 4.25, 4.5
-1, 2.1, 2.3, 2.15, 2.1, 2.1, 2.1, 2.25, 2.1
-1, 3.4, 3.8, 3.8, 3.6, 4, 4.2, 3.35, 4
0, 3.4, 3.3, 3.1, 3.1, 3.1, 3.4, 3.35, 3.4
0, 2.88, 2.95, 2.9, 2.7, 2.8, 2.85, 2.7, 3
1, 4.75, 5, 4.5, 4.4, 4.33, 4.75, 4, 4.5
1, 3.4, 3.55, 3.4, 3.3, 3.1, 3.5, 3.2, 3.5
-1, 2.7, 2.9, 2.7, 2.7, 2.7, 2.75, 2.75, 2.75
0, 3.4, 3.2, 3.1, 3.3, 3.2, 3.2, 3, 3.6
0, 1.73, 1.6, 1.75, 1.75, 1.62, 1.7, 1.73, 1.8
-1, 3.5, 3.8, 3.5, 3.3, 3.5, 3.6, 3.2, 3.75
0, 2.7, 2.65, 2.6, 2.5, 2.38, 2.6, 2.6, 2.75
0, 2.9, 2.85, 2.7, 2.7, 2.62, 2.8, 2.6, 2.8
-1, 13, 15, 10, 9.5, 9, 10, 10, 11
1, 12, 12, 9, 9, 10, 10, 8, 10
0, 4.5, 4.4, 4.2, 4.2, 4.33, 4.75, 3.9, 4.33
1, 4, 3.7, 3.7, 3.5, 3.5, 3.75, 3.7, 4.2
0, 1.67, 1.6, 1.67, 1.6, 1.57, 1.6, 1.6, 1.67
1, 4.5, 4.8, 4.5, 4, 3.75, 4.75, 4.2, 4.75
-1, 5.5, 5.5, 5, 4.6, 5, 5.5, 4.2, 5.5
1, 1.7, 1.55, 1.65, 1.65, 1.53, 1.65, 1.62, 1.67
-1, 1.7, 1.6, 1.7, 1.75, 1.62, 1.65, 1.67, 1.73
0, 2.4, 2.15, 2.4, 2.3, 2.5, 2.45, 2.2, 2.5
0, 3, 3.1, 3.1, 3.2, 3.2, 3.2, 2.8, 3.2
-1, 2.2, 1.95, 2.15, 2, 2, 2.2, 2.15, 2.2
1, 4.33, 4.5, 4.25, 4.2, 4, 4.5, 4.2, 4.75
1, 3.3, 3, 3, 2.9, 2.75, 3, 2.7, 3.2
-1, 2.5, 2.45, 2.5, 2.4, 2.25, 2.4, 2.5, 2.63
1, 9, 9, 8, 8, 8, 7.25, 8, 8
-1, 8, 8.5, 8, 6, 7, 7.5, 8, 8.5
1, 13, 11, 11, 9, 8, 11, 10, 10
0, 5.25, 5, 5, 4.2, 5, 5, 4.5, 5
1, 2.75, 3, 2.8, 2.6, 2.7, 2.8, 2.75, 3
1, 6, 5.7, 5, 4.4, 4.5, 5.2, 4.8, 6
1, 3.4, 3.9, 3.7, 3.2, 3.2, 3.9, 3.5, 3.6
-1, 2.4, 2.1, 2.45, 2.3, 2.25, 2.3, 2.3, 2.5
0, 3, 2.85, 3, 2.9, 2.75, 3.3, 3.3, 3.2
-1, 1.91, 1.7, 1.9, 1.9, 1.91, 1.9, 1.9, 1.91
-1, 1.7, 1.6, 1.65, 1.7, 1.62, 1.7, 1.7, 1.73
0, 5, 5, 5, 4, 4.33, 5.5, 5.5, 5.5
1, 7, 7, 6, 4.8, 5.5, 6.25, 6.25, 6.5
1, 3.2, 3.2, 3.25, 2.9, 3.2, 3.5, 3.5, 3.6
0, 5, 5.2, 4.75, 4.4, 5, 5, 4.5, 5
-1, 2.8, 3, 2.8, 2.7, 2.62, 2.7, 2.7, 2.88
1, 3.2, 3.5, 3.2, 2.9, 2.8, 3.1, 3.3, 3.4
1, 3.75, 4.7, 4.25, 3.8, 3.5, 4, 4.5, 4
1, 7, 6.85, 7, 7, 7, 7, 7, 6
1, 2.8, 2.7, 2.8, 2.5, 2.75, 2.7, 2.6, 3
0, 11, 10, 11, 9, 10, 10, 10, 10
1, 11, 11, 10, 9.5, 11, 12, 11, 11
-1, 1.73, 1.6, 1.75, 1.65, 1.67, 1.6, 1.67, 1.73
1, 3.25, 3.3, 3.4, 3.2, 3.2, 3.4, 3, 3.5
1, 3.75, 4.25, 4.1, 3.8, 3.75, 4.5, 3.9, 4.5
-1, 1.73, 1.5, 1.7, 1.6, 1.67, 1.57, 1.67, 1.75
-1, 2.2, 2.05, 2.25, 2, 2, 2.05, 2.1, 2.2
1, 3, 3.1, 3, 2.7, 2.6, 2.9, 2.75, 3.2
1, 3.1, 2.7, 2.8, 2.6, 2.6, 2.75, 2.9, 3.25
0, 2.05, 1.85, 2, 2, 2.1, 1.9, 2.05, 2.1
-1, 1.5, 1.45, 1.5, 1.6, 1.53, 1.45, 1.45, 1.5
0, 2.8, 2.85, 2.9, 2.7, 3, 2.7, 2.62, 2.88
1, 7, 7, 7, 5.5, 6, 6.25, 6.5, 6.5
0, 11, 10, 10, 9, 8, 10, 8.5, 10
1, 4.33, 4.8, 4.33, 4, 3.5, 4.2, 4.5, 4.33
0, 5, 5.5, 5, 5, 4.5, 5.25, 4.5, 5
1, 3, 3.2, 3.1, 3, 2.8, 3.1, 3, 3.4
0, 7.5, 9, 7.5, 7.5, 8, 9, 8, 8.5
0, 7.5, 9, 7.5, 7.5, 7, 8.5, 8, 8
0, 2.88, 2.7, 2.7, 2.7, 2.5, 2.7, 2.6, 3
-1, 2.87, 2.7, 2.7, 2.6, 2.5, 2.7, 2.6, 2.75
-1, 1.7, 1.6, 1.7, 1.7, 1.67, 1.6, 1.72, 1.7
1, 3.2, 3.2, 3.1, 3.1, 3.1, 3.1, 2.9, 3.2
1, 4.75, 4.5, 4.5, 4, 3.8, 4.5, 4.6, 4.5
-1, 1.75, 1.65, 1.75, 1.75, 1.73, 1.7, 1.7, 1.8
1, 1.4, 1.4, 1.45, 1.5, 1.4, 1.36, 1.45, 1.5
1, 5.5, 6, 5.5, 4.4, 5.5, 5.5, 5.2, 5.75
0, 5.5, 4.75, 4.75, 4.2, 4.5, 4.75, 4.8, 5
1, 7.5, 7.5, 7, 6, 7, 8, 7, 8
1, 5, 6, 5, 5, 5.5, 5.75, 5, 5.5
0, 4.2, 5, 4.5, 4, 4.6, 5, 3.8, 4.5
1, 3.1, 3.3, 3.2, 2.9, 3, 3.2, 3, 3.5
-1, 2.62, 2.7, 2.75, 2.7, 2.75, 2.65, 2.62, 2.75
0, 12, 15, 12, 12, 12, 15, 15, 13
-1, 3.1, 3.15, 3.1, 3.1, 3, 3.1, 3.1, 3.4
0, 1.65, 1.6, 1.7, 1.7, 1.67, 1.6, 1.67, 1.73
0, 3.8, 4.1, 3.75, 3.6, 3, 3.75, 3.4, 3.75
1, 3.5, 3.3, 3.75, 3.8, 4, 3.75, 3.4, 4
0, 1.83, 1.75, 1.85, 1.8, 1.83, 1.8, 1.83, 2
-1, 3.3, 3.3, 3.2, 3.1, 3.1, 3.3, 3.1, 3.75
-1, 2.2, 2, 2.1, 2.1, 1.91, 2.05, 2.1, 2.2
1, 2.7, 2.65, 2.7, 2.6, 2.75, 2.7, 2.62, 2.8
-1, 3.25, 3.3, 3.2, 3.1, 3.2, 3.2, 3.2, 3.4
-1, 2.8, 2.75, 2.8, 2.6, 2.7, 2.7, 2.62, 2.75
1, 11, 10, 11, 10, 11, 13, 10, 12
0, 1.53, 1.5, 1.55, 1.55, 1.5, 1.5, 1.53, 1.62
0, 3.4, 3.3, 3.3, 3.3, 3.5, 3.6, 3.45, 3.5
-1, 1.57, 1.55, 1.55, 1.55, 1.5, 1.55, 1.57, 1.67
1, 4, 4.3, 4.25, 4.2, 4, 4.5, 4.1, 4.33
0, 3.5, 3.9, 3.75, 3.3, 3.5, 3.75, 3.65, 4
1, 6.5, 6, 6, 5.4, 5.5, 6.25, 6.5, 6
1, 5.25, 5, 4.75, 3.6, 4.5, 4.75, 4.33, 5
0, 3.75, 3.7, 4, 3.8, 4, 3.6, 3.6, 4.2
1, 3.5, 3.3, 3.2, 3, 3, 3.3, 3, 3.4
-1, 2.75, 2.75, 2.7, 2.6, 2.7, 2.75, 2.7, 3
0, 4, 3.55, 3.75, 3.6, 3.75, 3.75, 3.4, 4
1, 3, 3.3, 3.1, 3, 2.8, 3.2, 3, 3.25
-1, 4.75, 5.3, 5.5, 4.8, 5, 5.75, 5, 5.5
0, 3.1, 3, 3.2, 3, 3.3, 3.2, 2.8, 3.25
1, 3.5, 3, 3.1, 2.9, 3.1, 3.3, 3, 3.4
-1, 1.66, 1.65, 1.75, 1.75, 1.73, 1.65, 1.73, 1.83
1, 4.75, 4.7, 4.5, 3.8, 4, 5, 4.2, 4.5
-1, 5.5, 5.1, 4.6, 4.2, 4.33, 4.75, 4.4, 5
1, 13, 12, 12, 9.5, 11, 13, 11, 11
1, 15, 15, 14, 10, 12, 15, 11, 15
0, 3, 3, 3.1, 2.9, 3, 3, 3, 3.25
1, 3, 3, 3.1, 2.9, 2.8, 3.05, 2.85, 3.4
-1, 1.57, 1.45, 1.53, 1.55, 1.5, 1.53, 1.44, 1.57
1, 3, 3.15, 3.1, 2.9, 3, 3.1, 3.3, 3.5
1, 3.1, 2.7, 2.75, 2.8, 2.8, 2.9, 2.8, 3
1, 2.7, 2.7, 2.75, 2.6, 2.6, 2.8, 2.75, 3
1, 2.7, 2.7, 2.75, 2.6, 2.6, 2.7, 2.6, 2.5
-1, 5, 5, 5, 4.4, 4.5, 5.75, 4.4, 5.5
-1, 2.2, 2.1, 2.2, 2.3, 2.3, 2.1, 2.2, 2.2
0, 4.33, 4.7, 4.5, 3.5, 4.5, 4.75, 3.9, 4.33
1, 7, 6.3, 7, 5.5, 7, 6.75, 6.5, 7
1, 5, 5, 5, 4.2, 4.5, 5.5, 4.7, 5
1, 3.5, 3.7, 3.6, 3.3, 3.5, 3.75, 3.2, 3.75
0, 4.2, 3.9, 3.8, 4, 3.75, 4, 3.6, 4.5
-1, 3.75, 3.4, 3.3, 3.2, 3, 3.4, 3.45, 3.8
1, 5.5, 5.5, 5.5, 4.6, 5.5, 6.75, 5.5, 5.5
0, 3.1, 3, 3.1, 3, 2.8, 3.1, 3, 3.4
1, 4.5, 4.9, 4.5, 3.8, 4.5, 4.5, 4.2, 4.5
0, 2.62, 2.35, 2.5, 2.5, 2.5, 2.35, 2.4, 2.7
-1, 1.9, 1.7, 1.85, 1.8, 1.73, 1.75, 1.83, 1.91
1, 10, 10, 10, 9, 8, 12, 11, 10
1, 4, 3.95, 4, 3.8, 4, 4.5, 3.7, 4.33
0, 2.3, 2.25, 2.4, 2.5, 2.3, 2.4, 2.4, 2.25
1, 4.25, 4.45, 4.2, 3.8, 4, 4.5, 3.9, 4.5
-1, 1.6, 1.5, 1.6, 1.55, 1.62, 1.55, 1.57, 1.53
1, 2.4, 2.3, 2.3, 2.4, 2.2, 2.3, 2.3, 2.38
1, 2.88, 2.65, 2.7, 2.7, 2.6, 2.6, 2.7, 2.88
-1, 7, 6.5, 7, 6.5, 8, 7.5, 8, 8.5
1, 10, 10, 11, 9, 11, 12, 10, 12
0, 3.5, 3.1, 3.1, 3.1, 3.1, 3.2, 3.2, 3.5
1, 10, 10.5, 12, 10, 11, 12, 11, 13
0, 5.75, 6.5, 6.5, 4.8, 6, 7.5, 5.5, 7
-1, 3.5, 3.2, 3.3, 2.9, 2.8, 3.3, 3.2, 3.6
0, 3.3, 3.3, 3.25, 2.7, 3, 2.8, 3, 3.25
1, 3.6, 3.3, 3.4, 3.2, 3.4, 3.4, 3.25, 3.75
-1, 1.8, 1.8, 1.83, 1.8, 1.73, 1.85, 1.85, 2
-1, 1.66, 1.55, 1.6, 1.6, 1.67, 1.6, 1.6, 1.7
-1, 1.8, 1.75, 1.8, 1.8, 1.83, 1.75, 1.8, 1.83
0, 5.5, 5.5, 6, 5, 5, 6, 5.4, 5.5
0, 3.4, 3.2, 3.3, 3.4, 3.4, 3.2, 3.3, 3.5
-1, 2.2, 2.2, 2.25, 2.4, 2.25, 2.15, 2.2, 2.1
-1, 2.55, 2.6, 2.6, 2.5, 2.38, 2.6, 2.6, 2.63
0, 2.8, 2.8, 2.9, 2.8, 2.7, 2.75, 2.65, 2.88
0, 4.75, 4.35, 4.25, 3.8, 3.75, 4.2, 4.2, 4.33
1, 4.2, 4.1, 3.75, 3.2, 3.1, 3.4, 3.3, 3.4
-1, 9, 8.5, 9, 9, 9, 10, 9, 10
1, 4.5, 4.3, 4, 3.7, 5, 4, 4.5, 5
1, 10, 10, 11, 9, 9, 10.5, 9.5, 11
1, 12, 10, 10, 9, 9, 10, 9, 9
-1, 2.38, 2.1, 2.45, 2.4, 2.3, 2.3, 2.35, 2.5
-1, 3.6, 3.6, 3.6, 3.3, 3.5, 3.4, 3.3, 3.75
-1, 1.85, 1.75, 1.75, 1.7, 1.73, 1.75, 1.85, 1.91
0, 2.9, 3, 2.85, 2.8, 2.75, 2.9, 2.75, 3
-1, 1.57, 1.5, 1.6, 1.55, 1.53, 1.6, 1.57, 1.67
0, 5, 4.4, 4.75, 4.2, 4.33, 5.25, 4.7, 4.33
1, 3.4, 3.7, 3.3, 3, 3, 3.2, 3.45, 3.5
-1, 1.62, 1.65, 1.6, 1.65, 1.67, 1.57, 1.55, 1.67
1, 3.2, 3.4, 3.1, 3, 2.75, 3.1, 3.2, 3.5
1, 9, 7.5, 7.25, 6.5, 7, 7.5, 6.5, 7.5
1, 12, 11, 10, 9.5, 10, 10.5, 11, 11
-1, 2.8, 2.8, 2.65, 2.6, 2.4, 2.7, 2.6, 2.7
1, 7.5, 8, 7, 7, 7, 7.5, 6.5, 7.5
-1, 3.4, 3.85, 3.8, 3.3, 3.6, 4.1, 3.65, 3.75
1, 13, 15, 12, 11, 11, 13, 13, 15
0, 2.9, 3, 3, 2.9, 2.75, 3, 2.75, 3.25
0, 3.4, 3.3, 3.4, 3.1, 3, 3.3, 3.2, 3.6
0, 2.35, 2, 2.35, 2.4, 2.25, 2.15, 2.25, 2.4
0, 1.57, 1.55, 1.6, 1.55, 1.62, 1.6, 1.53, 1.62
1, 1.9, 1.8, 1.9, 1.9, 1.91, 1.8, 1.91, 2
1, 3, 3, 3, 2.9, 2.75, 3, 3, 3.4
1, 3.75, 4.25, 3.8, 3.4, 3.5, 4, 3.6, 4.2
-1, 1.57, 1.45, 1.55, 1.5, 1.53, 1.5, 1.53, 1.62
1, 3.1, 3.45, 3.1, 2.9, 2.88, 3.1, 3.1, 3.75
1, 3.1, 3, 3, 2.5, 2.7, 3.1, 2.9, 3.2
-1, 3.5, 3.7, 3.6, 3, 3.2, 3.6, 3.5, 3.6
0, 11, 12, 11, 9.5, 11, 12, 12, 10
1, 12, 11, 10, 9, 10, 10, 11, 13
-1, 3.5, 3.55, 3.4, 3.3, 3.2, 3.3, 3.2, 3.6
0, 3.2, 3.55, 3.2, 3.5, 3.5, 3.4, 3.55, 3.75
1, 3.1, 3.25, 3.1, 2.9, 2.75, 3, 3, 3.2
1, 8, 8, 7.5, 7, 6.5, 7.5, 7, 8.5
-1, 2.4, 2.4, 2.45, 2.7, 2.4, 2.5, 2.4, 2.63
1, 4, 3.6, 3.75, 3.7, 3.4, 3.4, 3.45, 3.4
1, 3.1, 2.9, 2.85, 2.5, 2.8, 2.75, 2.6, 3
1, 2.9, 2.85, 2.85, 2.7, 2.88, 2.9, 2.6, 2.8
-1, 1.7, 1.7, 1.8, 1.85, 1.73, 1.65, 1.8, 1.85
-1, 4.5, 4.1, 4.25, 4.2, 3.75, 4.5, 4.5, 4.5
-1, 1.73, 1.7, 1.8, 1.8, 1.57, 1.73, 1.7, 1.83
1, 5.5, 5.7, 5.75, 4.6, 5, 6, 5.2, 5.5
-1, 2.75, 2.65, 2.7, 2.6, 2.5, 2.75, 2.5, 2.88
1, 4.5, 5, 4.25, 3.2, 4.5, 5, 4.35, 4
1, 3.6, 3.45, 3.4, 3.1, 3.2, 3.4, 3.2, 3.5
1, 3.25, 3.35, 3.3, 3.1, 3.2, 3.3, 3, 3.5
0, 2.38, 2.3, 2.35, 2, 2.3, 2.3, 2.35, 2.25
1, 2.4, 2.5, 2.45, 2.5, 2.38, 2.45, 2.4, 2.4
1, 4.2, 5.1, 4.5, 5, 3.75, 5, 5.3, 5
0, 6.5, 7, 6.75, 5.4, 6.5, 6.75, 6.5, 6.5
1, 4.75, 4.25, 4.75, 4.6, 5.5, 5.2, 5.2, 6
1, 9.5, 9, 9, 9, 9, 12, 1.5, 9
0, 1.53, 1.55, 1.55, 1.6, 1.44, 1.55, 1.5, 1.53
1, 3, 2.8, 2.9, 2.9, 2.75, 2.9, 1.5, 3
0, 4, 3.65, 3.6, 3.6, 3.75, 3.5, 1.5, 4
-1, 1.85, 1.95, 2, 2.2, 1.83, 2, 1.5, 1.91
0, 3.75, 3.85, 3.6, 3.6, 3.2, 3.75, 1.5, 3.75
0, 3.1, 3.2, 3.1, 2.8, 3, 3, 1.5, 2.62
0, 2.3, 2.3, 2.3, 2.4, 2.25, 2.35, 1.5, 2.25
-1, 2.75, 2.8, 2.75, 2.9, 2.75, 2.8, 1.5, 3
0, 6.5, 9, 7, 6.5, 8, 9, 1.5, 8
0, 2.7, 2.75, 2.75, 2.7, 2.5, 2.75, 1.5, 2.88
-1, 3.75, 3.55, 3.6, 3.2, 3.75, 3.5, 1.5, 3.75
1, 3.4, 3.3, 3.25, 3.1, 3.2, 3.2, 1.5, 3.4
0, 4, 3.85, 4, 4, 4.33, 4.1, 1.5, 4.5
1, 3.75, 3.2, 3.5, 3.2, 3.5, 3.75, 1.5, 3.6
0, 2.7, 2.65, 2.6, 2.6, 2.6, 2.7, 1.5, 2.62
0, 2.8, 2.8, 2.8, 2.7, 1.5, 2.85, 1.5, 3
0, 3.1, 3, 2.9, 2.7, 3, 2.88, 1.5, 3.25
1, 6.5, 5.15, 5, 4.8, 5, 5.5, 1.5, 5.5
-1, 1.53, 1.6, 1.65, 1.55, 1.53, 1.67, 1.5, 1.53
1, 4.75, 3.85, 4, 4.2, 4.33, 4.2, 1.5, 4.33
-1, 1.83, 1.75, 1.85, 1.8, 1.8, 1.91, 1.5, 1.91
0, 3.25, 3.2, 3.2, 2.9, 3.2, 3.2, 1.5, 3.2
1, 11, 7.5, 7.5, 7.5, 7, 7.5, 1.5, 7.5
1, 2.05, 1.85, 2, 2.1, 2, 2, 1.5, 1.91
1, 11, 10, 11, 9.5, 8, 10, 1.5, 11
0, 3.6, 3.1, 3.3, 3.2, 3.2, 3.4, 1.5, 3.6
1, 8.5, 9, 9, 9, 8, 9, 1.5, 9
1, 2.9, 2.75, 2.75, 2.7, 2.5, 2.75, 1.5, 2.88
1, 4, 4.7, 4, 3.8, 3.75, 4, 1.5, 4.33
-1, 1.57, 1.45, 1.5, 1.55, 1.53, 1.5, 1.5, 1.57
1, 3.75, 3.8, 3.6, 3.6, 3, 3.8, 1.5, 3.75
-1, 2.87, 2.65, 2.75, 2.7, 2.8, 2.75, 1.5, 3
0, 3.75, 3.7, 3.6, 3.5, 3.2, 3.6, 1.5, 3.4
0, 3.2, 3.1, 3.1, 2.9, 3.1, 3.1, 1.5, 3.4
1, 4, 3.75, 3.6, 3.8, 3.5, 3.8, 1.5, 4.33
-1, 1.4, 1.4, 1.5, 1.5, 1.44, 1.5, 1.5, 1.5
0, 1.95, 1.95, 2, 2.1, 1.9, 2, 1.5, 2
0, 13, 9, 9, 9, 9, 10, 1.5, 8.5
0, 3.6, 3.2, 3.5, 3.5, 3.5, 3.6, 1.5, 3.5
0, 3, 3.2, 3.1, 3, 3, 3.2, 1.5, 3.5
1, 8.5, 10.5, 8.5, 8.5, 10, 10, 1.5, 8.5
1, 4.33, 4.4, 4, 3.6, 3.75, 4, 1.5, 4.5
0, 2.37, 2.2, 2.3, 2.55, 2.3, 2.4, 1.5, 2.38
1, 3.1, 2.75, 2.8, 2.7, 2.62, 2.9, 1.5, 3
1, 4.33, 4.3, 4, 3.8, 3.75, 4.3, 1.5, 4.33
1, 4, 3.85, 3.7, 3.5, 3.2, 4, 1.5, 4.2
0, 3, 2.85, 3.1, 3.1, 3, 3, 1.5, 3.4
1, 7.5, 8, 7, 6, 7, 7.5, 1.5, 7
-1, 1.36, 1.35, 1.4, 1.45, 1.44, 1.35, 1.5, 1.4
-1, 1.61, 1.45, 1.55, 1.6, 1.57, 1.55, 1.5, 1.57
-1, 4.5, 4.8, 4.4, 4.2, 3.75, 4.6, 1.5, 4.33
0, 4.75, 4.1, 4.4, 4, 4.33, 4.2, 1.5, 4.33
-1, 3, 2.85, 3.1, 3, 2.8, 3.2, 1.5, 3.5
1, 3.6, 4.1, 3.3, 3, 3, 3.3, 1.5, 3.75
1, 4.5, 5.8, 4.75, 4.4, 4.5, 5.2, 1.5, 4.75
1, 4.75, 4.9, 4.75, 4.4, 4.5, 5, 1.5, 5
0, 5.5, 4.9, 4.75, 4, 4.5, 4.75, 1.5, 5
0, 1.7, 1.45, 1.55, 1.65, 1.53, 1.5, 1.5, 1.62
1, 5, 4.5, 4.25, 4, 4.33, 4.5, 1.5, 4.5
1, 6.5, 8, 6.5, 5.8, 7, 8, 1.5, 6.5
0, 3.3, 3, 2.9, 2.7, 2.75, 3, 1.5, 3.2
0, 1.95, 1.85, 2, 2.1, 2.2, 2.1, 1.5, 2.1
1, 12, 13, 13, 11, 12, 15, 1.5, 11
0, 13, 11, 9, 10, 9, 12, 9.5, 10
1, 2.25, 2.1, 2.25, 2.3, 2.25, 2.25, 2.25, 2.05
-1, 1.66, 1.5, 1.6, 1.6, 1.5, 1.55, 1.57, 1.7
0, 3.25, 3.8, 3.25, 3.1, 3, 3.3, 3.1, 3.4
0, 2.8, 3, 2.8, 2.9, 2.6, 2.85, 2.9, 3.2
-1, 3.4, 3.5, 3.2, 2.9, 2.75, 3.1, 2.8, 3.2
1, 12, 9, 9, 10, 9, 12, 9.5, 13
-1, 3.5, 3.5, 3.5, 3.5, 3.4, 3.8, 3.35, 3.75
0, 5, 4.7, 4.5, 4.4, 5, 4.75, 4.5, 4.75
0, 5.5, 5.7, 4.6, 4.6, 5, 5.5, 4.8, 5
1, 10, 9, 9, 8, 8, 10, 8, 8.5
0, 1.4, 1.4, 1.4, 1.45, 1.4, 1.4, 1.44, 1.5
1, 3, 3.35, 3, 3.2, 3, 3.2, 2.9, 3.2
1, 4.75, 4.5, 4.5, 4.2, 4.5, 5.2, 4, 4.75
1, 2.1, 1.9, 2.1, 2.1, 2, 2.1, 2.1, 2.3
-1, 3, 2.7, 2.9, 2.7, 2.8, 2.85, 2.65, 3.4
0, 2.3, 2, 2.15, 2.1, 2.1, 2.25, 2.15, 2.1
-1, 1.44, 1.35, 1.42, 1.45, 1.4, 1.4, 1.44, 1.44
0, 1.61, 1.5, 1.6, 1.65, 1.66, 1.65, 1.67, 1.7
0, 4.75, 4.6, 4.5, 4, 5, 4.5, 4.33, 4.33
-1, 5.75, 5.5, 4.75, 4.4, 5.5, 5.5, 4.8, 4.5
1, 3.25, 3.2, 2.9, 2.7, 3.1, 2.9, 3, 3.25
1, 10, 9, 8.5, 8.5, 9, 9, 7.5, 8.5
1, 3.2, 2.85, 2.7, 2.55, 2.5, 2.7, 2.6, 2.62
0, 3.25, 3, 3.2, 3.2, 3.2, 3.6, 3, 3.5
-1, 2.8, 2.9, 2.6, 2.9, 2.62, 2.75, 2.75, 2.88
1, 3.2, 3.1, 3, 3.4, 3, 3.1, 3, 3.4
1, 3.4, 3.35, 3.2, 3.2, 3, 3.3, 3, 3.5
1, 3.25, 3.2, 3, 3.2, 3.1, 3.6, 3.1, 3.25
1, 4.5, 4.3, 4, 3.6, 3.5, 4.2, 3.8, 4.33
0, 13, 10.5, 10, 9.5, 9, 12, 8.5, 10
1, 5.25, 4.5, 4.75, 4.2, 5, 5.5, 4.33, 5.5
-1, 2.5, 2.1, 2.38, 2.5, 2.4, 2.4, 2.38, 2.5
1, 1.83, 1.65, 1.8, 1.75, 1.72, 1.75, 1.8, 1.91
1, 9, 9, 8, 8, 9, 9, 8, 7.5
1, 2.87, 3, 2.8, 2.7, 2.8, 2.7, 2.7, 2.88
1, 3.4, 3.3, 3.25, 3.1, 3.2, 3.3, 3.1, 3.2
-1, 2.87, 3.1, 2.8, 2.9, 2.8, 2.9, 2.8, 3
1, 2.87, 2.9, 3.3, 3.3, 2.9, 3.05, 3, 3.25
-1, 2.1, 1.85, 2, 2, 1.9, 1.9, 2, 1.91
1, 11, 10.5, 10, 9, 9, 10, 10, 10
1, 1.53, 1.45, 1.5, 1.5, 1.4, 1.5, 1.5, 1.5
1, 4, 4, 3.6, 3.3, 3.5, 4, 3.5, 4
-1, 2.9, 3.2, 3, 3.2, 3.2, 3.3, 3.1, 3.5
1, 13, 10.5, 9, 10, 9, 11, 10, 11
-1, 3, 3.1, 2.75, 2.6, 2.62, 2.75, 2.75, 3.2
0, 2.87, 2.9, 2.75, 2.6, 2.62, 2.7, 2.75, 2.75
0, 5.25, 6, 5, 4.6, 4.5, 5, 4.8, 5
0, 2.3, 2.1, 2.25, 2.3, 2.25, 2.3, 2.3, 2.38
1, 1.8, 1.6, 1.77, 1.75, 1.72, 1.7, 1.8, 1.83
0, 1.85, 1.65, 1.83, 1.85, 1.9, 1.85, 1.83, 1.91
1, 2.35, 2.25, 2.35, 2.4, 2.3, 2.35, 2.38, 2.25
1, 4.2, 4.8, 4.33, 4.2, 4, 4.5, 4.2, 4.75
1, 3, 3.3, 3.3, 3.5, 3.2, 3.3, 3.1, 3.6
1, 15, 13, 12, 12, 12, 11, 11, 13
0, 4, 4.5, 4, 4, 3.5, 4, 3.75, 4.33
1, 2.9, 3, 2.6, 2.5, 2.5, 2.6, 2.6, 2.8
0, 13, 10.5, 11, 9.5, 11, 12, 10, 10
1, 8.5, 8.25, 7, 7.5, 8, 8.5, 6.5, 6.5
0, 1.72, 1.55, 1.67, 1.7, 1.61, 1.55, 1.67, 1.7
1, 4.75, 5, 4, 4, 4.5, 4.5, 4.2, 4.5
1, 3.75, 4.4, 3.6, 4.2, 4.5, 4.2, 3.8, 4.5
-1, 3, 3.5, 3, 3.1, 3, 3.3, 3, 3.2
-1, 3, 3.3, 3, 3.1, 3.2, 3.4, 2.8, 3.4
0, 4.75, 4.3, 4, 3.5, 3.5, 4.2, 3.8, 4.33
-1, 2.3, 2.2, 2.1, 2.1, 2.2, 2.2, 2.15, 2.2
1, 3.1, 2.85, 2.9, 2.5, 2.5, 2.85, 2.75, 3
1, 3.2, 3.55, 3.1, 3.2, 3.2, 3.3, 3, 3.6
0, 3.6, 3.1, 2.9, 3.1, 2.8, 3, 3, 3
0, 3, 2.85, 2.9, 2.9, 3, 3, 2.8, 3
1, 2.75, 2.35, 2.5, 2.6, 2.5, 2.6, 2.5, 2.75
1, 3.5, 3.1, 3.2, 3.2, 3.5, 3.3, 3.5, 3.4
0, 2.25, 2.2, 2.3, 2.4, 2.37, 2.3, 2.35, 2.38
0, 8.5, 8.5, 8, 8, 10, 9, 10, 9
1, 15, 17, 14, 13, 12, 17, 12, 13
1, 2.87, 3, 2.8, 2.6, 2.6, 2.75, 2.75, 2.63
1, 2, 1.9, 2, 1.9, 2, 2, 1.95, 2
1, 3.8, 3.9, 3.8, 3.8, 3.75, 4.75, 3.7, 4.33
1, 5.25, 5.2, 5, 4.4, 5, 5, 4.6, 5.5
-1, 4.5, 4.7, 4.75, 4.2, 4.5, 5.5, 4.2, 5
-1, 1.8, 1.6, 1.65, 1.6, 1.61, 1.6, 1.67, 1.75
0, 3.2, 3.35, 2.9, 2.8, 2.8, 3, 2.9, 3.25
1, 2.9, 2.85, 2.75, 2.7, 2.6, 3, 2.7, 2.75
-1, 1.66, 1.5, 1.55, 1.55, 1.57, 1.6, 1.62, 1.67
0, 3.25, 3.4, 3.3, 3.1, 3, 3.2, 3.1, 3.4
-1, 4.33, 4.7, 3.75, 3.8, 3.5, 3.75, 3.8, 3.75
1, 9, 10, 8.5, 9, 9, 10, 10, 9
-1, 2.45, 2.35, 2.3, 2.3, 2.25, 2.4, 2.38, 2.38
1, 5.5, 6, 5.25, 4.4, 5.5, 5.5, 4.5, 5
-1, 4, 4, 4, 3.5, 3.75, 3.6, 3.6, 4.2
1, 3.6, 4.1, 3.75, 3.6, 3.5, 3.5, 3.8, 3.6
1, 18, 13, 14, 12, 13, 15, 12, 11
0, 7, 7.5, 6.5, 6.5, 7, 6.75, 6.5, 6.5
1, 4.75, 4.5, 4.25, 3.8, 3.75, 3.8, 4, 4.33
1, 2, 1.85, 2.05, 2.1, 2.1, 2.1, 1.91, 2.2
0, 3.1, 2.85, 2.86, 2.7, 2.8, 2.8, 2.7, 3.2
0, 3.2, 3.1, 3.1, 3, 2.88, 3.1, 3, 3.4
0, 2, 1.95, 1.8, 1.9, 1.8, 1.9, 1.8, 1.8
-1, 2.37, 2.35, 2.35, 2.2, 2.25, 2.3, 2.3, 2.38
0, 3.6, 3.7, 3.4, 3, 3.3, 3.4, 3.2, 3.5
0, 4, 4.5, 4.1, 3.8, 4.33, 4.5, 4.1, 4.33
0, 2.5, 2.8, 2.6, 2.6, 2.5, 2.6, 2.6, 2.88
0, 3, 2.85, 2.8, 2.9, 2.8, 2.9, 2.7, 3.1
-1, 2.75, 2.65, 2.6, 2.6, 2.5, 2.65, 2.6, 2.63
1, 3.6, 3.8, 3.4, 3.2, 3.3, 3.6, 3.2, 3.6
1, 4, 4.4, 3.6, 3.8, 3.5, 4.2, 3.5, 3.75
-1, 2.87, 2.8, 3, 2.9, 3, 2.9, 2.75, 3
0, 16, 18, 12, 10, 12, 15, 12, 13
1, 2.5, 2.3, 2.4, 2.4, 2.5, 2.4, 2.38, 2.63
1, 3.4, 3.4, 3, 3.1, 3.4, 3.1, 2.9, 3.5
1, 12, 18, 12, 9.5, 12, 15, 12, 13
-1, 4, 4.2, 3.4, 3.2, 3.75, 3.6, 3.4, 3.6
-1, 1.95, 1.8, 1.9, 2, 2, 1.9, 2.05, 2.05
0, 2.9, 2.65, 2.7, 2.6, 2.62, 2.7, 2.75, 2.88
-1, 1.53, 1.4, 1.5, 1.5, 1.5, 1.5, 1.5, 1.6
1, 4.2, 4.2, 4, 3.6, 4, 3.75, 4, 4.2
0, 2.05, 1.85, 2, 1.9, 1.91, 1.95, 2, 2.05
1, 2.9, 2.7, 2.65, 2.5, 2.38, 2.65, 2.7, 2.63
1, 5.5, 5.4, 4.75, 4.4, 4.5, 4.75, 4.5, 5
1, 7.5, 7, 6.5, 5.4, 6.5, 6.25, 7, 6
1, 5.25, 5.2, 4.75, 4.4, 4.5, 5, 4.2, 5
1, 3.5, 4, 3.5, 3.3, 3.4, 3.4, 3.2, 3.75
-1, 1.72, 1.65, 1.73, 1.8, 1.67, 1.7, 1.8, 1.8
1, 10, 10, 9, 9.5, 9, 12, 10, 11
1, 7, 7, 6, 5.6, 6, 5.75, 6.5, 6
-1, 1.72, 1.7, 1.73, 1.75, 1.73, 1.8, 1.73, 1.8
0, 6.5, 7, 6, 5, 6, 5.75, 5.4, 6
1, 3.6, 3.55, 3.5, 3.1, 3.75, 3.3, 3.1, 3.75
0, 2.37, 2.2, 2.2, 2.3, 2.1, 2.3, 2.2, 2.2
0, 2.8, 2.7, 2.6, 2.6, 2.5, 2.6, 2.55, 2.63
1, 12, 15, 10, 12, 11, 15, 12, 13
0, 1.95, 1.85, 2, 2, 1.91, 2.1, 1.95, 2.15
-1, 2.6, 2.6, 2.5, 2.5, 2.38, 2.5, 2.45, 2.75
1, 3.2, 3.1, 3, 2.9, 3, 3.1, 3.1, 3.5
1, 5.5, 6.5, 5.5, 5.2, 6, 7, 5.5, 6
-1, 3.25, 3, 2.9, 2.9, 2.62, 3.1, 2.75, 3
-1, 12, 11, 10, 9, 10, 11, 10, 10
-1, 2.9, 2.95, 2.85, 2.6, 2.8, 2.88, 2.6, 2.88
1, 4.75, 4.7, 4.5, 3.8, 4.5, 4.5, 4.33, 4.75
-1, 1.9, 1.85, 1.9, 1.9, 2, 1.91, 2.15, 1.91
-1, 4.2, 4.8, 4.5, 3.5, 4.33, 4.5, 3.9, 4.6
-1, 2.7, 2.8, 2.75, 2.7, 2.6, 2.7, 2.75, 2.88
1, 13, 11, 11, 10, 11, 11, 11, 10
-1, 9, 9, 8.5, 8, 8, 9, 7.5, 8.5
0, 2.37, 2.2, 2.3, 2.4, 2.25, 2.4, 2.3, 2.38
1, 2.9, 3.3, 3, 3.1, 3, 3.4, 3.2, 3.25
1, 3.75, 3.7, 3.6, 1.5, 3.4, 3.75, 3.5, 3.75
1, 1.36, 1.35, 1.35, 1.4, 1.36, 1.4, 1.33, 1.44
0, 3.2, 3.5, 3.2, 2.9, 3.2, 3.1, 3.5, 3.75
0, 3.5, 4, 3.45, 3.2, 3.1, 3.6, 3.5, 3.5
1, 3.5, 4.1, 3.5, 3.5, 3.5, 4.2, 3.5, 4.33
1, 2.87, 3.6, 3, 3.1, 2.88, 3.1, 3.1, 3
1, 3.5, 3.45, 3.4, 1.5, 3.4, 3.6, 3.6, 3.4
1, 5.5, 4.95, 5.5, 5, 5, 6.75, 5.5, 5.5
-1, 2.37, 2.2, 2.4, 2.5, 2.25, 2.4, 2.3, 2.38
-1, 2.5, 2.8, 2.5, 2.7, 2.5, 2.6, 2.5, 2.63
-1, 3.25, 3.6, 3.3, 3.4, 3, 3.4, 3.2, 3.6
1, 3, 3.4, 3.1, 3.8, 3, 3.2, 3.2, 3.75
1, 6.5, 7.5, 7.5, 6.5, 7, 8, 6, 7.5
0, 5, 4.7, 5, 3.5, 5, 5.5, 4.2, 5
-1, 15, 14, 11, 9.5, 11, 15, 11, 12
0, 3.6, 4.1, 4, 3.4, 3.5, 3.8, 3.6, 4
0, 2.9, 3, 3, 2.8, 2.6, 2.85, 2.8, 2.88
0, 2.6, 2.6, 2.7, 2.6, 2.5, 2.75, 2.62, 2.8
0, 1.57, 1.55, 1.65, 1.55, 1.57, 1.65, 1.57, 1.57
1, 7, 7.2, 7, 8, 8, 8, 8, 7
-1, 1.72, 1.65, 1.7, 1.6, 1.73, 1.65, 1.7, 1.83
1, 4.2, 4.2, 4, 4, 4.5, 4.2, 4.2, 4.33
-1, 2.7, 2.7, 2.6, 2.7, 2.7, 2.6, 2.55, 2.63
-1, 1.61, 1.5, 1.57, 1.7, 1.57, 1.55, 1.57, 1.67
1, 4.75, 4.4, 4, 4, 4.2, 3.8, 4, 4
1, 6.5, 6.7, 6.5, 5.4, 6, 7.5, 7, 6.5
1, 7.5, 9.5, 8, 8, 8, 8, 6.25, 8.5
0, 2, 1.9, 1.95, 2, 1.8, 1.95, 1.83, 1.83
-1, 3.5, 3.15, 3.6, 3.6, 3.4, 3.4, 3.6, 3.75
1, 9.5, 11, 10, 9.5, 11, 12, 10, 10
1, 9.5, 9.5, 10, 9, 10, 11, 10, 9
0, 3.1, 3.6, 3.4, 3.2, 3.2, 3.2, 3.3, 3.75
1, 5.5, 5.45, 5.5, 4.8, 5, 5.5, 5.5, 5.5
1, 5.5, 5.95, 5.5, 5, 6, 5.5, 6.5, 6
1, 2.7, 2.8, 2.8, 2.6, 2.8, 2.8, 3.1, 2.75
1, 2.8, 2.8, 2.8, 2.9, 2.8, 2.8, 3, 2.75
0, 4.2, 4.25, 4.2, 3.8, 4.33, 4.33, 3.8, 3.75
-1, 2.1, 2.15, 2.2, 2.3, 2.2, 2.2, 2.15, 2
1, 2.3, 2.15, 2.25, 2.3, 2.2, 2.3, 2.15, 2.1
-1, 2.1, 2, 2, 2.1, 1.9, 2.1, 2.1, 1.91
-1, 3.25, 3.5, 3.5, 3.5, 3.2, 3.5, 3.75, 2.88
1, 2.87, 3.2, 2.9, 1.5, 2.8, 1.5, , 2.75
-1, 1.61, 1.6, 1.65, 1.7, 1.61, 1.67, 1.66, 1.5
1, 3, 3.05, 2.9, 3.1, 3, 3, 2.7, 3.25
0, 4.2, 3.7, 4.1, 4, 3.75, 4.5, 3.75, 4
-1, 9, 11, 9.5, 9, 8, 9, 8, 9
0, 2.8, 2.8, 2.95, 2.9, 2.87, 3, 2.8, 3
1, 2.87, 3.4, 3.1, 3.1, 3, 3.2, 3.2, 3
1, 6.5, 7.5, 7, 6, 8, 7, 7, 7
0, 5, 5.25, 5, 4.6, 5, 5, 4.5, 5.5
-1, 1.57, 1.5, 1.55, 1.6, 1.53, 1.57, 1.53, 1.5
-1, 5.5, 6, 5.5, 4.8, 5, 6, 5, 5.5
1, 2.3, 2.1, 2.3, 2.3, 2.25, 2.25, 2.5, 2.5
0, 2, 1.85, 2, 2.1, 1.9, 2, 1.9, 2.1
1, 9, 11.5, 9, 9, 10, 10, 9.5, 10
-1, 1.72, 1.65, 1.65, 1.8, 1.66, 1.73, 1.66, 1.62
0, 3.1, 3.1, 3.1, 3.1, 3.2, 3.2, 3, 3.25
0, 2.1, 2, 2.1, 2.2, 2, 2.1, 2.15, 2.1
0, 5.5, 5.75, 5.75, 5, 5.5, 6, 5.25, 5.5
1, 3.75, 4, 3.85, 3.6, 3.75, 4, 3.5, 3.5
1, 3, 3.1, 3.1, 3.1, 1.5, 3.2, 3.1, 3.2
1, 3.4, 3.45, 3.35, 3.3, 3.2, 3.5, 3.2, 3.6
-1, 2.37, 2.5, 2.45, 2.5, 2.35, 2.38, 2.5, 2.5
-1, 2.62, 2.8, 2.75, 2.7, 2.8, 2.75, 2.8, 2.6
1, 9, 10, 9, 9, 9, 10, 9.5, 12
1, 4.33, 4.35, 4.5, 4.4, 4.33, 5, 5, 4.5
0, 2.87, 3, 2.9, 2.7, 2.87, 3, 3, 2.8
1, 2.1, 2.1, 2.15, 2.1, 2, 2.2, 2.1, 1.91
1, 7.5, 7.25, 7.75, 7.5, 8, 8.5, 8, 7.5
-1, 2.05, 2.25, 2.2, 2.3, 1.5, 2.25, 2.25, 2.1
-1, 1.95, 1.9, 2, 2.2, 1.95, 2, 1.95, 1.83
1, 9.5, 11, 9, 8, 8, 10, 10, 13
-1, 2.8, 3.1, 2.8, 2.7, 2.75, 2.8, 2.8, 2.62
-1, 1.53, 1.55, 1.62, 1.7, 1.53, 1.57, 1.53, 1.53
1, 3.6, 4.45, 4, 3.6, 4, 3.8, 4, 5
0, 3.1, 4.05, 4.2, 4.2, 4.33, 4.33, 4, 4
-1, 4.2, 4.6, 4.5, 4.4, 4.5, 4.75, 4.5, 5
1, 3.3, 3.1, 3, 2.9, 3, 3, 3.1, 3
-1, 3.25, 4.1, 4, 4, 3.75, 4.2, 3.9, 3.4
1, 3.75, 3.75, 3.8, 3.5, 3.75, 4, 3.5, 4
1, 10, 10, 10, 10, 11, 11, 11, 13
1, 4.5, 4.75, 4.5, 4.2, 4.33, 4.8, 4.6, 5
-1, 3.1, 3.35, 3.3, 3.3, 3.2, 3.5, 3.2, 3
0, 2.8, 2.7, 2.75, 2.9, 2.6, 2.75, 2.7, 2.62
0, 2.3, 2.35, 2.4, 2.4, 2.3, 2.4, 2.4, 2.25
0, 1.45, 1.45, 1.5, 1.6, 1.57, 1.57, 1.57, 1.5
1, 3.4, 3.95, 3.75, 3.6, 3.75, 4.1, 3.7, 3.75
1, 4, 3.85, 3.6, 3.5, 3.75, 3.75, 3.75, 4
-1, 2.7, 2.6, 2.7, 2.5, 2.6, 2.55, 2.5, 2.5
1, 2.55, 2.7, 2.75, 2.5, 2.5, 2.6, 2.5, 2.75
0, 3.8, 3.4, 3.75, 3.5, 3.5, 3.7, 4, 4
-1, 5, 4.75, 5, 4.6, 5.5, 4.8, 4.25, 5.5
1, 2.62, 2.75, 3, 2.9, 3, 3.05, 2.7, 2.88
-1, 3.1, 3.05, 3, 2.9, 3, 3, 2.9, 3
1, 7, 6.5, 6, 5, 6, 6, 6.5, 6
1, 4, 3.95, 4, 3.8, 3.75, 4, 3.3, 3.75
1, 10, 11, 11, 9.5, 10, 10, 9.5, 9
1, 4.33, 3.95, 4.25, 4, 4, 4.2, 4, 4.5
-1, 3.1, 3.4, 3.5, 3.5, 3.2, 3.6, 3, 3.2
-1, 1.5, 1.55, 1.55, 1.55, 1.5, 1.62, 1.57, 1.5
1, 6, 5.5, 6, 5, 6, 6, 5.5, 5.5
0, 3.3, 3.1, 3, 2.9, 3, 3.4, 3.1, 3
1, 10, 12, 12, 10, 11, 12, 11, 15
1, 2.1, 2.15, 2.25, 2.3, 2.2, 2.3, 2.2, 2.38
1, 1.83, 1.95, 2, 1.9, 1.9, 2, 1.8, 1.8
0, 3, 3.2, 3.2, 2.9, 3, 3.2, 2.8, 3.1
-1, 2.05, 2, 2.1, 2.1, 2, 2.1, 2.05, 2
0, 3.1, 3.3, 3.2, 3.1, 3, 3.2, 2.8, 3.4
1, 2.7, 2.8, 2.65, 2.6, 2.6, 2.62, 2.62, 2.88
0, 6.5, 6.35, 6, 5, 6, 6.5, 5, 6
1, 7.5, 6.75, 7, 6, 7, 7.25, 7.5, 7
1, 3.75, 3.9, 3.9, 3.8, 3.75, 4.2, 3.6, 3.75
-1, 1.44, 1.45, 1.55, 1.5, 1.53, 1.62, 1.55, 1.53
1, 3.4, 3.4, 3.3, 3.2, 3.2, 3.4, 3.3, 3.4
-1, 1.61, 1.65, 1.7, 1.7, 1.61, 1.8, 1.65, 1.83
1, 5.25, 5.75, 5.5, 4.8, 5, 6, 5.25, 6.5
-1, 2.2, 2.25, 2.25, 2.2, 2.25, 2.3, 2.3, 2.38
-1, 4, 3.1, 3.2, 3.2, 3.2, 3.2, 3.4, 3.5
-1, 2.9, 2.9, 2.9, 2.9, 2.8, 2.88, 3, 3
1, 8.5, 8.25, 8.5, 8, 8, 10, 8, 10
1, 2.55, 2.3, 2.45, 2.5, 2.5, 2.38, 2.3, 2.38
1, 2.2, 2.15, 2.25, 2.4, 2.2, 2.25, 2.25, 2.25
0, 3.75, 3.75, 3.75, 3.6, 3.75, 4, 3.75, 4
1, 6, 6.1, 5.5, 5, 6, 6, 6, 6
1, 4.5, 4, 4.25, 4.4, 4.5, 4.5, 4.6, 4.5
1, 2.25, 2.25, 2.35, 2.3, 2.25, 2.4, 2.4, 2.38
1, 6, 5.5, 5.5, 5, 5.5, 5.5, 5, 5
-1, 1.57, 1.6, 1.6, 1.55, 1.57, 1.62, 1.6, 1.57
-1, 2.8, 2.95, 2.8, 2.7, 2.8, 2.88, 2.9, 2.8
-1, 2.5, 2.5, 2.5, 2.5, 2.5, 2.4, 2.55, 2.38
0, 1.7, 1.7, 1.75, 1.75, 1.66, 1.75, 1.72, 1.83
0, 4.5, 4.75, 4.5, 4.2, 4.33, 4.75, 4.3, 4.5
-1, 1.75, 1.65, 1.75, 1.7, 1.72, 1.75, 1.72, 1.73
-1, 5, 4.5, 4.2, 4.2, 4, 4, 3.8, 4
1, 11, 11, 11, 10, 10, 10, 9.5, 11
1, 11, 11, 10, 10, 10, 10, 11, 11
0, 2.1, 2.25, 2.3, 2.4, 2.2, 2.25, 2.3, 2.25
1, 4.5, 4.15, 4.2, 4, 4, 4, 4, 5
1, 2.87, 2.95, 2.8, 2.9, 2.8, 2.8, 2.65, 2.6
1, 11, 11, 11, 10, 11, 11, 11, 13
0, 4.5, 3.85, 4.2, 4, 4, 4.4, 4.5, 4
1, 8.5, 8.65, 8.75, 8, 8, 9, 8.5, 9
0, 4.33, 3.35, 3.4, 3.1, 3.5, 3.75, 3.2, 3.5
0, 1.72, 1.7, 1.77, 1.75, 1.7, 1.75, 1.72, 1.67
0, 2.87, 2.85, 2.8, 2.9, 2.7, 2.8, 2.87, 2.8
-1, 1.4, 1.4, 1.4, 1.4, 1.4, 1.44, 1.36, 1.36
0, 4.2, 4.4, 4.25, 3.8, 4, 4.33, 4.8, 3.6
1, 4.75, 5.15, 5, 4.2, 4.5, 5, 5, 4.5
-1, 2.8, 2.5, 2.6, 2.6, 2.7, 2.6, 2.6, 2.8
-1, 1.61, 1.55, 1.6, 1.5, 1.53, 1.57, 1.61, 1.57
1, 1.53, 1.5, 1.55, 1.55, 1.53, 1.62, 1.55, 1.53
1, 2.5, 2.5, 2.6, 2.6, 2.5, 2.6, 2.4, 2.6
-1, 4.2, 3.95, 3.75, 3.5, 3.75, 3.75, 3.4, 4
0, 3.3, 3.1, 3.2, 3.1, 3.2, 3.5, 3, 3.4
-1, 1.75, 1.7, 1.75, 1.75, 1.75, 1.75, 1.75, 1.75
0, 1.95, 1.95, 1.95, 1.9, 1.9, 1.91, 1.9, 1.95
0, 2.62, 2.5, 2.6, 2.7, 2.5, 2.62, 2.6, 2.6
1, 3.4, 2.95, 3, 2.6, 2.87, 3, 3, 3
0, 9.5, 8.5, 7.5, 6.5, 8, 8.5, 8, 8.5
-1, 15, 12, 11, 12, 12, 11, 11, 11
1, 6.5, 7.75, 7.5, 6, 8, 8.25, 8, 8.5
1, 2.37, 2.15, 2.2, 2.2, 2.2, 2.1, 2.1, 2.2
0, 3.8, 3.5, 3.6, 3.2, 3.75, 3.75, 3.8, 3.6
-1, 4.5, 4.3, 4.6, 4.2, 4.5, 4.5, 4.6, 4.5
-1, 2.45, 2.5, 2.5, 2.5, 2.3, 2.5, 2.5, 2.4
1, 9.5, 7.5, 8, 7, 7, 7.5, 8, 7.5
1, 13, 9, 9, 9, 8, 9, 8.5, 10
0, 7, 5.15, 5, 4.6, 5, 5, 4.25, 5.5
0, 1.8, 1.8, 1.9, 1.9, 1.85, 1.91, 1.72, 1.91
0, 2.25, 2.25, 2.3, 2.2, 2.25, 2.3, 2.15, 2.25
0, 4, 4.15, 4, 4, 4, 4.2, 3.8, 4.33
1, 2.75, 2.6, 2.75, 2.7, 2.7, 2.75, 2.6, 2.75
-1, 2, 1.9, 1.9, 1.85, 1.9, 1.83, 1.83, 1.91
-1, 3.6, 3.6, 3.8, 3.6, 3.5, 4.2, 3.8, 4
0, 12, 11, 11, 12, 11, 13, 12, 11
-1, 2.7, 2.8, 2.75, 2.6, 2.62, 2.75, 2.8, 2.75
-1, 2.9, 2.95, 2.9, 2.9, 2.87, 3, 2.8, 3
-1, 1.4, 1.45, 1.5, 1.55, 1.44, 1.5, 1.5, 1.5
0, 2.2, 2.3, 2.35, 2.5, 2.37, 2.38, 2.3, 2.38
1, 8.5, 7, 8, 8, 7, 9, 8.5, 7
1, 3.2, 3.05, 3.1, 3.1, 3.1, 3, 3, 3.1
1, 5, 5.15, 5, 4, 5, 5.25, 5, 5
1, 5, 5.5, 5, 4.6, 5.5, 5.5, 5.1, 5.5
-1, 1.44, 1.4, 1.44, 1.5, 1.44, 1.5, 1.5, 1.44
1, 7, 7.25, 7, 5.4, 6.5, 7, 7, 6.5
-1, 2.8, 2.8, 2.6, 2.6, 2.6, 2.62, 2.6, 2.75
1, 2.75, 3.1, 2.9, 2.7, 2.7, 2.8, 2.8, 2.88
0, 1.83, 1.85, 1.9, 1.9, 1.9, 1.95, 1.85, 1.83
1, 3.8, 3.75, 3.75, 4, 3.75, 3.75, 3.6, 4
0, 3.25, 3.2, 3.1, 3.1, 3.2, 3, 3, 3.25
0, 3.1, 2.9, 2.8, 2.7, 2.62, 2.9, 2.65, 2.75
1, 3.3, 3, 3.1, 3.1, 3, 3.2, 3, 3.1
1, 8, 8.4, 9, 7.5, 7, 8.5, 1.5, 8.5
-1, 3, 2.8, 2.8, 2.6, 2.7, 2.75, 2.65, 2.75
-1, 1.61, 1.55, 1.68, 1.7, 1.66, 1.67, 1.66, 1.73
0, 3.5, 4, 3.6, 3.6, 3.25, 3.75, 3.3, 3.6
0, 6.5, 8.25, 8, 6.5, 7, 7.5, 7.5, 7.5
1, 8.5, 9, 9, 7, 8, 9.5, 8, 9
1, 3.25, 3.1, 3.1, 3, 3, 3.2, 2.85, 3.2
-1, 4.33, 3.95, 4, 3.8, 4.5, 4.2, 4.33, 4
0, 2.75, 2.85, 2.8, 2.7, 2.75, 2.8, 2.85, 2.88
0, 2.5, 2.45, 2.5, 2.4, 2.6, 2.5, 2.5, 2.62
0, 4.75, 5, 5, 4.6, 5, 5, 5.5, 5.5
-1, 3.3, 3.25, 3.1, 3.2, 3, 3.3, 3.3, 3.25
-1, 1.57, 1.65, 1.65, 1.65, 1.65, 1.73, 1.61, 1.67
1, 5, 4.75, 4.8, 4.4, 5, 4.6, 4.35, 5.5
1, 6.5, 6.5, 6, 5, 7, 6.5, 5.5, 7
1, 3.6, 3.2, 3.2, 3.2, 2.87, 3.2, 3, 3.25
0, 2.8, 2.65, 2.75, 2.7, 2.5, 2.75, 2.6, 2.62
0, 3, 3, 2.8, 2.9, 2.8, 2.9, 3, 2.88
-1, 2.87, 2.85, 2.8, 2.7, 2.7, 2.8, 2.65, 2.62
0, 2.8, 2.9, 2.8, 2.9, 2.87, 2.9, 2.8, 2.88
1, 3.25, 2.85, 3, 3.1, 2.8, 3, 2.7, 3.2
1, 11, 9, 10, 9, 10, 11, 9.5, 10
1, 17, 11, 11, 10, 11, 13, 9, 13
1, 2.3, 2.4, 2.3, 2.2, 2.3, 2.3, 2.35, 2.38
0, 3, 3.5, 3.5, 3.5, 3.2, 3.75, 3.6, 3.4
-1, 3.2, 2.75, 2.75, 2.6, 2.6, 2.8, 2.75, 2.75
0, 3.5, 3.25, 3.4, 3.2, 3.3, 3.5, 3.2, 3.6
1, 3, 3.25, 3.2, 3.1, 3.2, 3.2, 3.6, 3.25
-1, 2.4, 2.45, 2.35, 2.4, 2.37, 2.4, 2.25, 2.38
0, 1.5, 1.47, 1.5, 1.5, 1.5, 1.53, 1.4, 1.5
1, 9.5, 8.25, 8, 7.5, 7, 8, 8, 9
-1, 1.36, 1.45, 1.44, 1.4, 1.5, 1.5, 1.44, 1.44
1, 5.5, 6.15, 6, 4.6, 6, 6, 5.25, 6.5
0, 3.3, 3.2, 3.25, 3.2, 3.2, 3.4, 2.9, 3.4
-1, 5.75, 5.65, 5.5, 4.8, 6, 5.5, 5.25, 6
0, 3, 3, 2.9, 2.7, 2.8, 2.88, 2.9, 3
-1, 3.5, 3.2, 3.25, 3.2, 3.5, 3.2, 3.1, 3.4
0, 6.5, 6.15, 6.25, 5.4, 6, 5.5, 7, 6.5
1, 2.87, 3, 2.8, 2.9, 2.8, 2.75, 2.7, 2.75
-1, 1.61, 1.7, 1.72, 1.75, 1.7, 1.7, 1.66, 1.67
-1, 3, 3, 2.9, 2.6, 2.6, 2.75, 3, 3
1, 2.9, 3.1, 3, 3.2, 2.8, 3.1, 3.1, 3
1, 7.5, 8.25, 7, 8, 7, 7.5, 7, 7.5
1, 9.5, 9, 9.5, 9.5, 8, 9, 9.5, 11
-1, 2.9, 3.1, 3, 3.1, 2.9, 2.9, 3.1, 3
0, 7.5, 6.75, 6.5, 5.4, 7, 7.5, 7, 6.5
0, 3.3, 3.5, 3.5, 3.5, 3.5, 3.4, 3.1, 3.5
1, 5.75, 6.15, 5.5, 4.4, 6, 5.75, 5.5, 5.5
1, 1.66, 1.65, 1.68, 1.55, 1.57, 1.73, 1.61, 1.67
0, 3, 3, 3, 2.9, 3, 2.88, 2.87, 3.2
1, 4.2, 4.25, 4, 3.6, 4, 4, 4.2, 4
-1, 3.75, 4, 3.75, 2.9, 3.75, 4, 3.6, 4
0, 2.8, 2.85, 2.9, 3.6, 2.8, 2.8, 2.8, 3.1
-1, 2.37, 2.4, 2.4, 2.5, 2.3, 2.38, 2.3, 2.38
1, 3.1, 2.85, 3.15, 3.1, 2.8, 2.88, 2.6, 2.88
1, 10, 12.5, 11, 10, 10, 11, 12, 11
0, 3, 3.2, 3.1, 3, 2.62, 3.3, 3.1, 3.1
1, 10, 12.5, 11, 10, 9, 12, 11, 11
1, 2.5, 2.7, 2.7, 2.6, 2.5, 2.6, 2.5, 2.62
1, 4.2, 4.25, 4, 3.8, 3.6, 4.2, 3.8, 4
1, 2.87, 3, 2.9, 3.1, 3, 3, 3.2, 3
1, 10, 12.5, 11, 10, 9, 11, 12, 11
1, 5, 5.5, 5.5, 4.4, 5.5, 5.75, 5, 5.5
-1, 2.5, 2.55, 2.5, 2.7, 2.65, 2.62, 2.6, 2.62
-1, 1.5, 1.45, 1.44, 1.4, 1.44, 1.5, 1.44, 1.5
-1, 4.2, 5, 4.75, 5, 4.33, 4.5, 4.8, 4.33
0, 4.2, 5, 5, 5, 4.2, 5, 5, 4.5
1, 3.3, 3.35, 3.1, 1.5, 3, 3.4, 3, 3.25
0, 1.61, 1.55, 1.6, 1.55, 1.57, 1.62, 1.57, 1.62
-1, 1.57, 1.55, 1.55, 1.5, 1.53, 1.57, 1.53, 1.57
-1, 2.87, 3, 2.9, 3.1, 2.8, 2.88, 3.3, 3
0, 3.25, 3.55, 3.2, 3, 2.62, 3.2, 2.62, 3.25
1, 13, 13, 13, 13, 13, 13, 12, 13
0, 2.5, 2.85, 2.5, 2.45, 2.2, 2.5, 2.2, 2.5
-1, 2.2, 2.3, 2.2, 2.2, 2.1, 2.2, 2.4, 2.2
1, 13, 16, 13, 15, 13, 13, 12, 13
0, 4, 4.05, 4, 3.8, 1.5, 3.8, 3.2, 4
1, 8.5, 10, 9, 10, 9, 9, 9.5, 10
1, 9, 7.25, 7, 5.4, 7, 8, 7, 7.5
0, 1.72, 1.7, 1.73, 1.75, 1.7, 1.75, 1.72, 1.67
0, 5, 5, 5, 4.4, 5, 6, 4.5, 5.5
1, 3, 3.05, 3, 3.1, 3, 3, 3.1, 3.1
-1, 5.5, 5.8, 5.5, 4.8, 6, 5.5, 6, 5.5
-1, 3, 2.7, 3, 2.9, 3, 3, 3.1, 2.88
-1, 3.3, 3.15, 3.25, 3, 3, 3.2, 3.1, 3.25
1, 11, 17, 12, 9.5, 12, 12, 12, 13
-1, 2.37, 2.2, 2.35, 2.5, 2.25, 2.5, 2.25, 2.2
-1, 1.53, 1.5, 1.53, 1.6, 1.53, 1.53, 1.53, 1.53
1, 4.33, 3.75, 4.45, 4.2, 4.33, 4.2, 4.8, 4.5
-1, 8.5, 8.5, 9, 8, 9, 10, 8, 9
-1, 2.1, 2.3, 2.1, 2.1, 2.1, 2.1, 2.2, 2
0, 3.6, 3.65, 3.75, 3.8, 3.6, 3.75, 3.8, 4
1, 3.1, 2.8, 3.3, 3.2, 3.2, 3.2, 3.3, 3.25
-1, 4.5, 4.4, 4.3, 4, 4.33, 4.5, 4.1, 4.5
1, 5.5, 5.25, 5.4, 4.8, 5.5, 5.5, 6, 5.5
0, 2.1, 2.1, 2.3, 2.5, 1.5, 2.2, 2.3, 2.3
-1, 2.6, 2.5, 2.6, 2.6, 2.6, 2.7, 2.6, 2.5
1, 8, 8.25, 8.25, 8, 8, 9.5, 8, 8
1, 2.87, 2.8, 3, 3.2, 3, 3.2, 3.2, 3
-1, 3.2, 3, 3.3, 3.2, 3.1, 3.3, 3.3, 3.5
1, 6, 6.5, 5.5, 4.8, 5.5, 6.5, 5.2, 6
1, 3.1, 3.4, 3.25, 3.2, 3.2, 3.2, 2.9, 3.5
-1, 3.6, 3.45, 3.6, 3.6, 3.5, 3.6, 3.5, 3.6
0, 3.1, 2.8, 3.1, 2.7, 2.8, 3.1, 2.9, 3.2
-1, 2.87, 3, 2.85, 2.9, 2.8, 3, 2.7, 2.88
0, 2.25, 2.1, 2.2, 2.2, 2.2, 2.2, 2.15, 2.1
1, 8.5, 8.25, 8.5, 8, 8, 9, 7, 8.5
0, 4.5, 4, 4.75, 4.2, 4.5, 4.8, 4.75, 5
1, 3.1, 3.2, 3.1, 3.1, 3, 3.2, 3.1, 2.88
1, 5, 6, 5, 4.4, 5, 5, 4.75, 5
1, 3.4, 3, 3.4, 3.1, 3.2, 3.25, 3.3, 3.4
0, 2.2, 2.2, 2.1, 2.1, 2.2, 2.2, 2.1, 2.2
1, 4.33, 4, 4.5, 3.8, 4, 4.2, 4.5, 4.33
1, 1.83, 1.9, 1.83, 2, 1.85, 1.91, 1.95, 1.83
-1, 1.8, 1.8, 1.83, 1.8, 1.72, 1.73, 1.83, 1.73
1, 2.8, 3.15, 3.1, 2.7, 3, 3, 3.1, 3.1
1, 8, 8.5, 8.5, 7.5, 8, 9, 8, 8.5
0, 2.2, 2.15, 2.1, 2.2, 2.1, 2.2, 2, 2
1, 3.75, 4.5, 4, 3.8, 3.75, 4.2, 3.9, 4
0, 2.5, 2.4, 2.65, 2.6, 2.6, 2.6, 2.65, 2.75
1, 2.5, 2.5, 2.55, 2.6, 2.6, 2.6, 2.65, 2.4
1, 8, 8, 8.5, 7, 7.5, 8, 8, 7.5
1, 5, 6.5, 5.75, 4.8, 5, 6, 5.2, 6
-1, 5.5, 6, 6, 4.6, 5.5, 6, 6, 5.5
0, 2.62, 2.65, 2.75, 2.7, 2.65, 2.7, 2.6, 2.62
1, 2.7, 2.8, 2.85, 2.7, 2.8, 2.8, 2.7, 2.88
0, 1.72, 1.6, 1.65, 1.7, 1.66, 1.73, 1.66, 1.62
1, 5, 5, 5, 4.8, 5, 5, 4.6, 5.5
1, 1.8, 1.75, 1.75, 1.7, 1.7, 1.73, 1.7, 1.67
1, 4, 4.35, 4.2, 3.8, 4.33, 4.2, 4.25, 4.5
1, 7.5, 9.25, 8, 7.5, 7, 8, 8, 9
1, 6.5, 6.65, 6.5, 5.4, 7, 7, 7, 7.5
-1, 2.62, 2.8, 2.6, 2.6, 2.6, 2.7, 2.4, 2.8
0, 3.4, 3.2, 3.5, 3.2, 3.4, 3.2, 3.2, 3.5
-1, 3.6, 3.7, 3.65, 4, 3.5, 4, 3.5, 3.5
0, 3.2, 3.3, 3.1, 3.2, 3, 3.2, 2.8, 3
1, 2.8, 2.75, 2.8, 2.7, 2.75, 2.88, 2.75, 3
1, 2.8, 2.65, 2.75, 2.6, 2.75, 2.8, 2.75, 3
-1, 2.5, 2.55, 2.6, 2.3, 2.6, 2.6, 2.5, 3
-1, 8.5, 8, 8, 8, 7.5, 8.5, 8, 9
1, 5, 5, 5.15, 4.4, 4.5, 5.6, 4.8, 5.25
-1, 3.2, 3.65, 3.5, 3.5, 3.5, 3.75, 3.75, 3.5
1, 8.5, 10, 9.5, 8, 9, 10, 9.5, 9
1, 3.4, 3.45, 3.75, 3.7, 3.6, 4, 3.6, 3.75
-1, 3.4, 3.75, 3.5, 3.5, 3.6, 3.5, 3.6, 3.75
0, 2, 2.1, 2, 2, 2, 2.25, 2, 2
1, 3.4, 3.65, 3.75, 3.6, 3.6, 3.6, 3.9, 3.75
-1, 2.1, 2.05, 2.05, 2, 2.05, 2.15, 2.1, 2.2
0, 4, 1.5, 4.75, 4.2, 4.5, 5, 4.6, 4.33
-1, 3.4, 3.55, 3.75, 3.5, 3.6, 4, 3.6, 3.75
0, 1.72, 1.7, 1.75, 1.85, 1.72, 1.8, 1.7, 1.83
0, 8, 6.75, 8.5, 7.5, 8, 9, 8, 10
0, 2.6, 2.65, 2.5, 2.5, 2.5, 2.7, 2.5, 2.75
-1, 2.6, 2.6, 2.6, 2.7, 2.6, 2.62, 2.5, 2.62
-1, 4.2, 4.25, 4.25, 3.6, 4.2, 4.2, 4.2, 4.5
1, 3.4, 3.5, 3.45, 3.1, 3.4, 3.2, 3.2, 3.6
1, 2.7, 2.6, 2.65, 2.7, 2.62, 1.5, 2.65, 2.75
0, 4.5, 4.1, 4.25, 3.6, 4, 4.33, 4.2, 4.5
1, 6, 5.5, 5.75, 5, 6, 6, 5.9, 6
1, 6.5, 6.5, 7, 6, 7, 8.5, 6, 8
0, 2.5, 2.45, 2.65, 2.6, 2.5, 2.7, 2.5, 2.4
1, 2.25, 2.25, 2.2, 2.4, 2.2, 2.3, 2.2, 2.1
0, 7.5, 7, 7.5, 7, 8, 9, 8, 7.5
0, 4, 5, 3.9, 4, 3.75, 4.75, 4, 4.5
1, 4.5, 4.5, 4.75, 4.4, 4.5, 4.75, 4.6, 5
-1, 1.8, 1.7, 1.8, 1.85, 1.8, 1.83, 1.83, 1.8
1, 4.5, 5.25, 4.5, 4, 4, 4.5, 4.3, 4.75
1, 2.75, 2.7, 2.85, 2.9, 2.75, 3, 2.7, 2.88
1, 3.5, 3.75, 4.25, 3.5, 3.5, 4.33, 3.5, 4.1
1, 7.5, 9, 10, 8.5, 8, 10, 8, 9
1, 2.75, 2.7, 2.7, 2.8, 2.5, 2.7, 2.5, 2.8
1, 5.5, 5.25, 5.1, 4.8, 5, 5.5, 4.6, 5.5
0, 2.62, 2.6, 2.85, 2.9, 2.8, 2.9, 2.6, 3
-1, 2.62, 2.5, 2.65, 2.7, 2.7, 2.7, 2.7, 2.75
-1, 1.72, 1.7, 1.8, 1.75, 1.72, 1.8, 1.8, 1.67
-1, 2.62, 2.45, 2.7, 2.7, 2.6, 2.6, 2.7, 2.8
-1, 2.8, 3.4, 2.95, 3.1, 3, 3.2, 3.1, 3.2
1, 2.75, 2.7, 2.75, 2.6, 2.6, 2.8, 2.7, 2.7
0, 2.87, 2.85, 2.9, 3, 2.8, 2.88, 2.9, 2.88
1, 3.6, 3.75, 3.7, 3.6, 3.75, 3.75, 3.9, 3.6
0, 8.5, 6.75, 7.8, 7, 8, 9, 7, 8
0, 4.33, 4.4, 4.4, 4.4, 4.33, 4.5, 4.2, 5
1, 3.75, 4, 3.95, 4, 3.75, 4, 3.9, 4
1, 3.75, 3.8, 3.7, 3.8, 3.75, 4, 3.9, 3.6
1, 6.5, 6.75, 6.9, 6, 7, 7.5, 6.5, 8
-1, 1.66, 1.7, 1.7, 1.65, 1.66, 1.75, 1.66, 1.73
0, 3.75, 4.05, 3.75, 4, 3.75, 4.33, 4, 3.4
1, 2.25, 2.3, 2.35, 2.3, 2.3, 2.38, 2.3, 2.38
-1, 2.37, 2.05, 2.2, 2.3, 2.3, 2.25, 2.3, 2.38
1, 6.5, 6.75, 6, 5.4, 7, 7, 7.5, 8
1, 3, 3.3, 3.2, 3.2, 3, 3.2, 3.2, 3.4
-1, 3, 3.1, 3, 2.9, 3, 3, 2.9, 3
0, 3.5, 3.6, 3.5, 3.5, 3.6, 3.75, 3.35, 4
-1, 4.2, 4.9, 3.95, 4, 4.5, 4.6, 3.8, 5
-1, 3.75, 3.65, 3.65, 3.8, 3.75, 4, 3.5, 4.1
-1, 9.5, 9, 10, 8, 8.5, 10, 10, 11
-1, 1.8, 1.7, 1.75, 1.75, 1.7, 1.8, 1.8, 1.8
1, 4, 4, 3.85, 3.5, 3.75, 4, 3.8, 4.5
0, 3.25, 3.3, 3.5, 3.5, 3.4, 3.4, 3.5, 3.75
1, 5, 5.25, 5, 4.2, 5, 5.5, 4.5, 5
1, 3.5, 3.5, 3.6, 3.5, 3.6, 3.75, 3.5, 3.75
1, 2.4, 2.3, 2.4, 2.4, 2.4, 2.5, 2.35, 2.5
-1, 2.8, 2.7, 3, 2.6, 2.7, 2.75, 2.65, 2.88
1, 4.5, 5, 4.65, 4.2, 4.5, 5, 5, 5
-1, 1.83, 1.75, 1.75, 1.8, 1.75, 1.83, 1.7, 1.73
1, 2.87, 2.9, 2.9, 3.1, 2.8, 3, 2.9, 3.4
1, 4.5, 4.75, 5.25, 4.6, 5.5, 5.5, 5.5, 5
-1, 3, 3.3, 3.25, 3.2, 3, 3.2, 3.1, 3.4
1, 2.62, 2.75, 2.75, 1.5, 2.7, 2.7, 2.9, 2.8
1, 11, 13, 13, 11, 11, 15, 12, 14
1, 4, 4.2, 4, 4, 4, 4.2, 4.3, 4.33
1, 5, 4.5, 5, 4.6, 5.5, 5.5, 4.75, 5
0, 5, 4.15, 5.25, 4.6, 5, 5.5, 5.25, 6
1, 7, 7.5, 8, 6.5, 8, 8.5, 8, 9
-1, 3.75, 3.3, 3.3, 3.2, 3.3, 3.5, 3.3, 3.2
1, 2.4, 2.25, 2.3, 2.3, 2.25, 2.38, 2.25, 2.25
1, 4.5, 4.5, 4.5, 4.2, 5, 4.75, 4.6, 5
-1, 3.4, 3.45, 3.25, 3.2, 3.2, 3.4, 3.1, 3.2
-1, 1.8, 1.8, 1.8, 1.5, 1.85, 1.8, 1.95, 1.73
-1, 3.2, 3, 3.25, 3.2, 3.3, 3.4, 3.1, 3.3
-1, 1.61, 1.55, 1.63, 1.65, 1.65, 1.67, 1.66, 1.62
-1, 2.5, 2.85, 2.6, 2.7, 2.5, 2.75, 2.55, 2.75
-1, 4, 4.5, 4, 3.5, 3.75, 4, 3.75, 4.5
0, 4.33, 5, 4.75, 4.2, 4.5, 5.5, 5, 5
0, 4.33, 4.4, 4.25, 4, 3.75, 4.2, 4.2, 4.5
1, 3.25, 3.25, 3.35, 3.2, 3.2, 3.25, 3.3, 3.2
1, 2.5, 2.5, 2.5, 2.3, 2.5, 2.6, 2.5, 2.75
1, 8, 8.25, 8, 7.5, 7, 8, 8, 10
1, 3, 2.9, 2.95, 2.9, 2.8, 3, 3, 2.88
1, 6.5, 6.5, 6.75, 5, 6.5, 6.5, 6.5, 7
-1, 3, 2.9, 3.05, 3.1, 3, 3.2, 3, 3
-1, 2.1, 1.95, 2, 2, 2, 2.05, 1.95, 1.91
1, 4.33, 5.25, 4.75, 4.4, 4.5, 5.5, 4.5, 5.5
1, 10, 9, 9, 9, 10, 10, 9.5, 11
1, 1.61, 1.55, 1.6, 1.6, 1.57, 1.62, 1.6, 1.62
0, 4, 4.15, 4, 3.8, 4.2, 4, 3.75, 4.5
0, 4.33, 4.4, 5, 4.4, 5.5, 5, 5.5, 5.5
0, 2.75, 2.7, 2.75, 2.6, 2.75, 2.7, 2.75, 2.8
1, 4.5, 4.5, 5, 4.4, 5, 5, 5.5, 5
-1, 2.75, 2.8, 2.9, 2.8, 2.9, 3, 3, 3
0, 1.66, 1.65, 1.6, 1.65, 1.62, 1.67, 1.55, 1.73
-1, 1.72, 1.75, 1.75, 1.75, 1.72, 1.8, 1.66, 1.8
0, 2.37, 2.3, 2.3, 2.3, 2.3, 2.3, 2.3, 2.3
1, 4.33, 4, 4.1, 4, 4.2, 4.2, 4.3, 4.5
0, 3.1, 3.55, 3.3, 3.2, 3.2, 3.75, 3.1, 3.4
-1, 2.8, 3.1, 2.9, 3.1, 3, 3, 2.8, 3.2
1, 13, 13, 12, 12, 11, 15, 12, 16
0, 7.5, 6.5, 6.6, 5.4, 6, 7.5, 7, 7.5
0, 3.75, 3.95, 3.85, 3.5, 3.75, 4, 3.8, 3.6
-1, 2.5, 2.6, 2.5, 2.7, 2.5, 2.6, 2.55, 2.4
-1, 3.6, 4.15, 3.75, 3.4, 3.6, 4, 3.75, 3.6
1, 2.6, 2.95, 2.7, 2.7, 2.62, 2.7, 2.6, 2.88
1, 5, 5.65, 5.5, 4.6, 5.5, 5.5, 5, 5.5
1, 3.3, 3.75, 3.5, 3.5, 3.2, 3.5, 3.1, 3.4
1, 5, 4.45, 4.85, 4.4, 4.5, 5, 5, 5.5
0, 1.66, 1.6, 1.67, 1.75, 1.67, 1.73, 1.72, 1.62
1, 4.33, 5.25, 5.25, 4.6, 5, 6, 5.75, 6
-1, 4.5, 4.6, 4.5, 4.2, 4.33, 4.75, 4.6, 4.5
1, 6, 6.5, 6, 5.4, 6, 7, 7.5, 7.5
1, 3.25, 3.5, 3.55, 3.2, 3.5, 3.5, 3.4, 3.6
1, 1.83, 1.8, 1.83, 1.8, 1.8, 1.91, 1.83, 1.83
1, 4.33, 4.7, 4.6, 4.6, 4.5, 4.75, 4.5, 5
0, 3.25, 3.6, 3.4, 3.2, 3.1, 3.3, 3.3, 3.2
1, 2.75, 3, 2.9, 2.9, 2.8, 2.88, 2.8, 2.8
0, 2.8, 3.5, 3, 3.1, 3, 3.2, 2.8, 3.5
1, 2, 1.95, 1.95, 1.9, 1.95, 2, 1.75, 2
0, 5, 4.7, 5, 4.8, 5, 5.5, 5, 6.5
-1, 2.6, 2.45, 2.65, 2.5, 2.6, 2.7, 2.5, 2.38
-1, 1.72, 1.8, 1.77, 1.8, 1.75, 1.8, 1.8, 1.91
1, 11, 11, 12, 9.5, 12, 15, 12, 15
-1, 4.75, 4.3, 4.5, 4, 4.5, 4.75, 4.3, 5
1, 2.9, 2.9, 2.9, 2.9, 3, 3, 2.8, 2.88
-1, 5, 4.5, 5, 4.4, 4.5, 4.75, 4.6, 5
-1, 2, 1.9, 1.9, 1.8, 1.91, 2, 1.95, 1.73
0, 5.5, 5, 5.5, 5, 5.5, 5.5, 5.75, 6
-1, 4, 3.6, 3.9, 3.8, 4, 4.33, 4.3, 4.33
1, 5, 5.65, 5.5, 4.8, 5.5, 5.5, 6, 5.5
1, 1.83, 1.7, 1.85, 1.9, 1.83, 1.85, 1.72, 1.8
1, 9.5, 9.5, 8, 8.5, 8, 9.5, 10, 9
-1, 3, 2.9, 3.2, 3.1, 3.4, 3.2, 3.3, 3.6
1, 3.25, 3.65, 3.3, 3.2, 3.2, 3.4, 3.3, 3.4
-1, 2.2, 2, 2.2, 2.2, 2.2, 2.2, 2.1, 2.2
-1, 2, 1.9, 2, 1.9, 1.9, 1.95, 1.8, 1.91
1, 11, 9.5, 8, 8, 8, 9.5, 8, 9
-1, 3.75, 3.9, 4.2, 3.8, 3.75, 4.33, 4, 4.5
-1, 2.4, 2.3, 2.4, 2.4, 2.4, 2.4, 2.4, 2.38
-1, 1.72, 1.7, 1.75, 1.75, 1.7, 1.8, 1.66, 1.73
0, 4.33, 3.7, 4.4, 3.6, 4, 4.6, 3.6, 4.33
-1, 4.33, 4.05, 4.25, 4, 4.33, 4.33, 4.25, 4.5
1, 2.6, 2.75, 2.6, 2.8, 2.5, 2.7, 2.62, 2.62
1, 3.8, 3.65, 3.75, 3.6, 3.75, 4, 3.3, 4
0, 2.6, 2.8, 2.6, 2.7, 2.6, 2.7, 2.55, 2.62
1, 5, 4.85, 5.5, 4.6, 5, 5.25, 6.5, 6
1, 5.5, 5.25, 5.5, 5.5, 6, 6, 5.5, 6
1, 3.6, 4.15, 3.6, 3.5, 3.5, 4, 3.5, 3.6
0, 3.5, 3.8, 3.6, 3.3, 3.4, 3.6, 3.5, 3.4
-1, 1.9, 1.8, 1.85, 1.9, 1.83, 1.85, 1.72, 1.8
1, 2.7, 2.75, 2.75, 2.7, 2.62, 2.8, 2.65, 2.62
-1, 4, 3.75, 4.15, 3.8, 4.2, 4, 4, 4
0, 2.5, 2.5, 2.5, 2.4, 2.5, 2.5, 2.35, 2.62
1, 6, 6.5, 6.7, 5.4, 6.5, 6.5, 7, 7.5
1, 9, 10.5, 9, 8.5, 8, 10, 8, 10
1, 3, 3, 3, 3.1, 3, 3.2, 3, 3.1
-1, 1.61, 1.55, 1.65, 1.7, 1.62, 1.7, 1.61, 1.62
1, 6.5, 6, 5.75, 5, 5.5, 5.75, 6, 7.5
-1, 2.87, 3.3, 2.95, 2.9, 2.8, 2.88, 2.75, 2.88
0, 3.8, 4, 4.1, 3.6, 4, 4.2, 3.6, 3.6
1, 5, 4.95, 5, 4.6, 5, 5.5, 5.5, 5.5
0, 9, 9.5, 9, 9, 8, 10, 9.5, 11
-1, 5, 4.6, 5.2, 4.6, 4.5, 5.25, 5, 5.5
0, 2.6, 2.35, 2.6, 2.6, 2.5, 2.7, 2.65, 2.62
1, 2.5, 2.3, 2.45, 2.5, 2.38, 2.4, 2.4, 2.5
1, 2.5, 2.6, 2.6, 2.6, 2.6, 2.7, 2.75, 2.5
-1, 5, 5.65, 5, 4.8, 5, 5.5, 5.5, 5
1, 9.5, 9, 10.5, 9.5, 9, 12, 11, 11
1, 3.25, 3.35, 3.1, 3.1, 3.3, 3.5, 3, 3.1
0, 4.33, 4.85, 4.3, 3.8, 4.33, 4, 3.6, 
-1, 1.83, 1.85, 1.8, 1.85, 1.8, 1.8, 1.5, 1.73
0, 2.3, 2.2, 2.25, 1.5, 2.25, 2.3, 2.4, 2.38
-1, 1.72, 1.75, 1.8, 1.9, 1.67, 1.8, 1.8, 1.73
1, 5, 4.75, 5, 4.8, 5, 5.5, 6, 5.5
0, 4, 4.25, 4, 4.2, 4.2, 4.33, 4, 4.5
1, 5.5, 5.1, 5.25, 4.4, 5, 5.5, 4.5, 5
1, 3, 3.6, 3.2, 3.1, 3, 3.4, 3, 3.25
-1, 1.57, 1.55, 1.62, 1.7, 1.61, 1.67, 1.57, 1.7
0, 2.7, 2.5, 2.6, 2.5, 2.62, 2.7, 2.6, 2.62
1, 2.8, 3.4, 2.9, 2.9, 2.8, 3, 2.9, 3.25
1, 3.75, 3.6, 3.3, 3.1, 3.5, 3.4, 3.3, 3.6
1, 13, 13, 15, 15, 12, 17, 17, 17
0, 2.5, 2.5, 2.5, 2.7, 2.5, 2.6, 2.62, 2.62
1, 4.5, 5.25, 4.5, 4.4, 4.5, 4.75, 4.8, 5.25
-1, 1.83, 1.7, 1.85, 1.9, 1.83, 1.91, 1.8, 1.91
-1, 1.9, 1.7, 1.85, 1.9, 1.9, 1.85, 1.8, 1.91
1, 3.5, 3.9, 3.65, 3.5, 3.6, 3.75, 3.65, 3.9
0, 5, 4.85, 4.9, 4.6, 5, 5, 4.8, 5
1, 3.25, 3.4, 3.4, 3.5, 3.3, 3.5, 3.35, 3.4
0, 2, 1.85, 1.91, 2, 1.9, 1.91, 1.8, 2
1, 11, 14, 12, 10, 12, 15, 13, 12
1, 3, 3.55, 3.1, 3.2, 3.25, 3.3, 2.9, 3.4
1, 3.5, 3.3, 3.45, 3.5, 3.5, 3.8, 3.3, 3.6
1, 2.5, 2.25, 2.7, 2.6, 2.5, 2.6, 2.6, 2.8
-1, 3, 2.8, 2.9, 3.1, 2.8, 3, 3.1, 2.8
0, 3.25, 3.85, 3.6, 3.6, 3.5, 3.6, 3.5, 4
0, 9, 9, 7.5, 7.5, 8, 10, 8, 9
0, 3, 3.55, 3.1, 3.2, 3.2, 3.2, 2.8, 3.6
1, 3, 3.8, 3.2, 3.1, 3.1, 3.3, 3.2, 3.4
1, 2.5, 2.2, 2.5, 2.4, 2.37, 2.4, 1.5, 2.5
0, 1.66, 1.6, 1.6, 1.65, 1.66, 1.7, 1.72, 1.67
1, 3.6, 4, 3.3, 3.2, 3.5, 3.75, 3.1, 4
1, 8, 9.5, 9.5, 10, 10, 11, 9.5, 11
-1, 2.37, 2.25, 2.25, 2.4, 2.25, 2.4, 2.3, 2.38
0, 1.8, 1.7, 1.75, 1.85, 1.75, 1.8, 1.72, 1.75
1, 7.5, 10, 9, 8, 9, 10, 10, 11
-1, 3.75, 3.85, 4, 3.8, 3.75, 3.75, 3.7, 4
-1, 3.75, 3.8, 3.6, 3.7, 3.75, 4, 3.3, 4
1, 2.75, 2.7, 2.8, 3.1, 2.75, 2.7, 2.8, 2.75
-1, 5.5, 6, 5.75, 5.5, 6, 6, 5.5, 6.5
0, 3.1, 3.55, 3.25, 3.1, 3.2, 3.8, 2.8, 3.4
-1, 1.28, 1.2, 1.25, 1.27, 1.25, 1.3, 1.16, 1.25
1, 3.5, 4.35, 3.55, 3.6, 3.5, 3.6, 3.5, 3.6
0, 3.3, 3.35, 3.5, 3.3, 3.5, 3.75, 3.1, 3.4
0, 1.9, 1.75, 1.87, 1.8, 1.9, 1.9, 2, 1.91
0, 3, 3.05, 3.3, 3.6, 3.2, 3.3, 3.1, 3.1
-1, 3.25, 3.6, 3.25, 3.1, 3.2, 3.6, 3.2, 2.88
0, 8.5, 10.5, 9, 8.5, 9, 12, 8, 10
-1, 3.2, 3.25, 3.35, 3.8, 3, 3.4, 3.2, 3.5
1, 3, 3.1, 3, 3, 2.9, 3.2, 2.9, 2.88
0, 3.5, 4, 3.5, 3.6, 3.2, 3.75, 3.4, 3.75
1, 9, 10.5, 8.5, 9.5, 8.5, 9, 7.5, 11
1, 8.5, 10, 8, 9, 10, 10, 8, 11
0, 2.87, 2.75, 2.7, 2.5, 2.8, 2.75, 2.7, 3
-1, 3.75, 4.4, 3.75, 4.6, 3.75, 4, 3.75, 3.75
1, 3.5, 3.25, 3, 3, 3.4, 3.4, 3.4, 3.75
-1, 1.9, 1.8, 1.85, 2.1, 1.8, 1.91, 1.9, 1.91
0, 3.2, 3.15, 3.3, 2.5, 3.4, 3.25, 3.7, 3.25
0, 2.5, 2.15, 2.4, 2.3, 2.4, 2.5, 2.4, 2.75
0, 2.37, 2.65, 2.33, 2.7, 2.4, 2.6, 2.25, 2.5
0, 5, 4.15, 4.5, 3.8, 4, 5.25, 4.5, 5
1, 4.5, 4.1, 4.4, 4.8, 4, 4.33, 3.9, 5.5
-1, 5, 5.6, 5.8, 5, 5.5, 5.5, 5, 5.5
1, 3.25, 3.45, 3.25, 5, 3.3, 3.1, 3.3, 5.5
1, 1.72, 1.65, 1.75, 1.9, 1.72, 1.73, 1.8, 1.73
-1, 1.57, 1.5, 1.5, 1.7, 1.57, 1.44, 1.6, 1.5
1, 6.5, 6.5, 8, 5.7, 6, 8, 7, 9